ParasiteCorrectedName_Zooscores_VR_Ver5.0_Final,ParasiteCorrectedName.updated,ParasiteReportedName,XC_ZooScore,Type,ParPhylum,ParClass,ParOrder,ParFamily,intra_extra,spec_confd_int,ref_int,site_raw,site_system,spec_confd_site,ref_site,geo_dist,spec_confd_geo,ref_geo,dom_host,spec_confd_dom_host,ref_dom_host,dom_hostname,spec_confd_dom_hostname,ref_dom_hostname,flagella,spec_confd_flag,ref_flag,cyst,spec_confd_cyst,ref_cyst,sexual,spec_confd_sex,ref_sex,transmission,spec_confd_trans,ref_trans,other_host,spec_confd_other,ref_other,note
Babesia bicornis,Babesia bicornis,Babesia bicornia,-1,Sporozoan,Apicomplexa,Aconoidasida,Achromatorida,Babesiidae,1,species,Aikawa & Sterling 1974 pg. 54,red blood cells,circulatory,species,"Aikawa & Sterling 1974 pg. 54, Levine 1985 pg. 317",worldwide,genus,"Gutteridge & Coombs 1977 pg. 5, Levine 1985 pg. 317",yes,genus,"Aikawa & Sterling 1974 pg. 54, Gutteridge & Coombs 1977 pg. 5, Levine 1985 pg. 317","cattle, sheep, goats, horses, dogs, rodents",genus,Aikawa & Sterling 1974 pg. 54,no,species,Levine 1985 pg. 317,NF,NA,NA,no,class,Levine 1985 pg. 317,ticks,species,,NF,NA,NA,needs two hosts to complete transmission
Babesia bigemina,Babesia bigemina,Babesia bigemina,-1,Sporozoan,Apicomplexa,Aconoidasida,Achromatorida,Babesiidae,1,species,Aikawa & Sterling 1974 pg. 54,red blood cells,circulatory,species,"Aikawa & Sterling 1974 pg. 54, Levine 1985 pg. 323","worldwide; Central America, South America, Europe, Middle East, North Africa, Central Africa, South Africa, Australia, North America","genus, species","Gutteridge & Coombs 1977 pg. 5, Levine 1985 pg. 323",yes,species,"Aikawa & Sterling 1974 pg. 54, Gutteridge & Coombs 1977 pg. 5, Levine 1985 pg. 323","cattle, sheep, goats, horses; cattle, ox, water buffalo",species,Levine 1985 pg. 323,no,species,Levine 1985 pg. 317,NF,NA,NA,no,class,Levine 1985 pg. 317,ticks,species,,"ox, zebu, water buffalo, African baffalo, and certain deer",species,Levine 1985 pg. 296,needs two hosts to complete transmission
Babesia bovis,Babesia bovis,Babesia bovis,-1,Sporozoan,Apicomplexa,Aconoidasida,Achromatorida,Babesiidae,1,species,Aikawa & Sterling 1974 pg. 54,red blood cells,circulatory,species,"Aikawa & Sterling 1974 pg. 54, Levine 1985 pg. 317",worldwide,genus,"Gutteridge & Coombs 1977 pg. 5, Levine 1985 pg. 317",yes,species,"Aikawa & Sterling 1974 pg. 54, Gutteridge & Coombs 1977 pg. 5, Levine 1985 pg. 317",cattle,species,Levine pg. 325,no,species,Levine 1985 pg. 317,NF,NA,NA,no,class,Levine 1985 pg. 317,ticks,species,,"roe deer, red deer",species,Levine 1985 pg. 323,needs two hosts to complete transmission
Babesia cellii,Babesia cellii,Babesia cellii,-1,Sporozoan,Apicomplexa,Aconoidasida,Achromatorida,Babesiidae,1,species,Aikawa & Sterling 1974 pg. 54,red blood cells,circulatory,species,"Aikawa & Sterling 1974 pg. 54, Levine 1985 pg. 317",worldwide,genus,"Gutteridge & Coombs 1977 pg. 5, Levine 1985 pg. 317",yes,genus,"Aikawa & Sterling 1974 pg. 54, Gutteridge & Coombs 1977 pg. 5, Levine 1985 pg. 317","cattle, sheep, goats, horses, dogs, rodents",genus,Aikawa & Sterling 1974 pg. 54,no,species,Levine 1985 pg. 317,NF,NA,NA,no,class,Levine 1985 pg. 317,ticks,species,,NF,NA,NA,needs two hosts to complete transmission
Babesia cynicti,Babesia cynicti,Babesia cynicti,-1,Sporozoan,Apicomplexa,Aconoidasida,Achromatorida,Babesiidae,1,species,Aikawa & Sterling 1974 pg. 54,red blood cells,circulatory,species,"Aikawa & Sterling 1974 pg. 54, Levine 1985 pg. 317",worldwide,genus,"Gutteridge & Coombs 1977 pg. 5, Levine 1985 pg. 317",yes,genus,"Aikawa & Sterling 1974 pg. 54, Gutteridge & Coombs 1977 pg. 5, Levine 1985 pg. 317","cattle, sheep, goats, horses, dogs, rodents",genus,Aikawa & Sterling 1974 pg. 54,no,species,Levine 1985 pg. 317,NF,NA,NA,no,class,Levine 1985 pg. 317,ticks,species,,NF,NA,NA,needs two hosts to complete transmission
Babesia divergens,Babesia divergens,Babesia divergens,0,Sporozoan,Apicomplexa,Aconoidasida,Achromatorida,Babesiidae,1,species,Aikawa & Sterling 1974 pg. 54,red blood cells,circulatory,species,"Aikawa & Sterling 1974 pg. 54, Levine 1985 pg. 317","Westerm Europe, Central Europe",species,Levine 1985 pg. 326,yes,species,Levine 1985 pg. 326,cattle,species,Levine 1985 pg. 326,no,species,Levine 1985 pg. 317,NF,NA,NA,no,class,Levine 1985 pg. 317,ticks,species,,NF,NA,NA,needs two hosts to complete transmission
Babesia equi,Babesia equi,Babesia equi,-1,Sporozoan,Apicomplexa,Aconoidasida,Achromatorida,Babesiidae,1,species,Aikawa & Sterling 1974 pg. 54,red blood cells,circulatory,species,"Aikawa & Sterling 1974 pg. 54, Levine 1985 pg. 317",worldwide,genus,"Gutteridge & Coombs 1977 pg. 5, Levine 1985 pg. 317",yes,genus,"Aikawa & Sterling 1974 pg. 54, Gutteridge & Coombs 1977 pg. 5, Levine 1985 pg. 317","cattle, sheep, goats, horses, dogs, rodents",genus,Aikawa & Sterling 1974 pg. 54,no,species,Levine 1985 pg. 317,NF,NA,NA,no,class,Levine 1985 pg. 317,ticks,species,,NF,NA,NA,needs two hosts to complete transmission
Babesia lotori,Babesia lotori,Babesia lotori,-1,Sporozoan,Apicomplexa,Aconoidasida,Achromatorida,Babesiidae,1,species,Aikawa & Sterling 1974 pg. 54,red blood cells,circulatory,species,"Aikawa & Sterling 1974 pg. 54, Levine 1985 pg. 317",worldwide,genus,"Gutteridge & Coombs 1977 pg. 5, Levine 1985 pg. 317",yes,genus,"Aikawa & Sterling 1974 pg. 54, Gutteridge & Coombs 1977 pg. 5, Levine 1985 pg. 317","cattle, sheep, goats, horses, dogs, rodents",genus,Aikawa & Sterling 1974 pg. 54,no,species,Levine 1985 pg. 317,NF,NA,NA,no,class,Levine 1985 pg. 317,ticks,species,,NF,NA,NA,needs two hosts to complete transmission
Babesia microti,Babesia microti,Babesia microti,0,Sporozoan,Apicomplexa,Aconoidasida,Achromatorida,Babesiidae,1,species,Aikawa & Sterling 1974 pg. 54,red blood cells,circulatory,species,"Aikawa & Sterling 1974 pg. 54, Levine 1985 pg. 317",worldwide,genus,"Gutteridge & Coombs 1977 pg. 5, Levine 1985 pg. 317",yes,genus,"Aikawa & Sterling 1974 pg. 54, Gutteridge & Coombs 1977 pg. 5, Levine 1985 pg. 317","cattle, sheep, goats, horses, dogs, rodents",genus,Aikawa & Sterling 1974 pg. 54,no,species,Levine 1985 pg. 317,NF,NA,NA,no,class,Levine 1985 pg. 317,Ixodes scapularis tick,species,Hersh et al.,"white-footed mice, raccoons, short-talied shrews, eastern chipmunks, meadow voles, other rodents, foxes",species,Hersh et al.,needs two hosts to complete transmission
Babesia missirolii,Babesia missirolii,Babesia missirolii,-1,Sporozoan,Apicomplexa,Aconoidasida,Achromatorida,Babesiidae,1,species,Aikawa & Sterling 1974 pg. 54,red blood cells,circulatory,species,"Aikawa & Sterling 1974 pg. 54, Levine 1985 pg. 317",worldwide,genus,"Gutteridge & Coombs 1977 pg. 5, Levine 1985 pg. 317",yes,genus,"Aikawa & Sterling 1974 pg. 54, Gutteridge & Coombs 1977 pg. 5, Levine 1985 pg. 317","cattle, sheep, goats, horses, dogs, rodents",genus,Aikawa & Sterling 1974 pg. 54,no,species,Levine 1985 pg. 317,NF,NA,NA,no,class,Levine 1985 pg. 317,ticks,species,,NF,NA,NA,needs two hosts to complete transmission
Babesia odocoilei,Babesia odocoilei,Babesia odocoilei,-1,Sporozoan,Apicomplexa,Aconoidasida,Achromatorida,Babesiidae,1,species,Aikawa & Sterling 1974 pg. 54,red blood cells,circulatory,species,"Aikawa & Sterling 1974 pg. 54, Levine 1985 pg. 317",worldwide,genus,"Gutteridge & Coombs 1977 pg. 5, Levine 1985 pg. 317",yes,genus,"Aikawa & Sterling 1974 pg. 54, Gutteridge & Coombs 1977 pg. 5, Levine 1985 pg. 317","cattle, sheep, goats, horses, dogs, rodents",genus,Aikawa & Sterling 1974 pg. 54,no,species,Levine 1985 pg. 317,NF,NA,NA,no,class,Levine 1985 pg. 317,ticks,species,,NF,NA,NA,needs two hosts to complete transmission
Babesia ovis,Babesia ovis,Babesia ovis,-1,Sporozoan,Apicomplexa,Aconoidasida,Achromatorida,Babesiidae,1,species,Aikawa & Sterling 1974 pg. 54,red blood cells,circulatory,species,"Aikawa & Sterling 1974 pg. 54, Levine 1985 pg. 317",worldwide,genus,"Gutteridge & Coombs 1977 pg. 5, Levine 1985 pg. 317",yes,species,Levine 1985 pg. 328,"sheep, goats",species,Levine 1985 pg. 328,no,species,Levine 1985 pg. 317,NF,NA,NA,no,class,Levine 1985 pg. 317,ticks,species,,NF,NA,NA,needs two hosts to complete transmission
Babesia pitheci,Babesia pitheci,Babesia pitheci,-1,Sporozoan,Apicomplexa,Aconoidasida,Achromatorida,Babesiidae,1,species,Aikawa & Sterling 1974 pg. 54,red blood cells,circulatory,species,"Aikawa & Sterling 1974 pg. 54, Levine 1985 pg. 317",worldwide,genus,"Gutteridge & Coombs 1977 pg. 5, Levine 1985 pg. 317",yes,genus,"Aikawa & Sterling 1974 pg. 54, Gutteridge & Coombs 1977 pg. 5, Levine 1985 pg. 317","cattle, sheep, goats, horses, dogs, rodents",genus,Aikawa & Sterling 1974 pg. 54,no,species,Levine 1985 pg. 317,NF,NA,NA,no,class,Levine 1985 pg. 317,ticks,species,,NF,NA,NA,needs two hosts to complete transmission
Babesia propitheci,Babesia propitheci,Babesia propitheci,-1,Sporozoan,Apicomplexa,Aconoidasida,Achromatorida,Babesiidae,1,species,Aikawa & Sterling 1974 pg. 54,red blood cells,circulatory,species,"Aikawa & Sterling 1974 pg. 54, Levine 1985 pg. 317",worldwide,genus,"Gutteridge & Coombs 1977 pg. 5, Levine 1985 pg. 317",yes,genus,"Aikawa & Sterling 1974 pg. 54, Gutteridge & Coombs 1977 pg. 5, Levine 1985 pg. 317","cattle, sheep, goats, horses, dogs, rodents",genus,Aikawa & Sterling 1974 pg. 54,no,species,Levine 1985 pg. 317,NF,NA,NA,no,class,Levine 1985 pg. 317,ticks,species,,NF,NA,NA,needs two hosts to complete transmission
Babesia rossi,Babesia rossi,Babesia rossi,-1,Sporozoan,Apicomplexa,Aconoidasida,Achromatorida,Babesiidae,1,species,Aikawa & Sterling 1974 pg. 54,red blood cells,circulatory,species,"Aikawa & Sterling 1974 pg. 54, Levine 1985 pg. 317",worldwide,genus,"Gutteridge & Coombs 1977 pg. 5, Levine 1985 pg. 317",yes,genus,"Aikawa & Sterling 1974 pg. 54, Gutteridge & Coombs 1977 pg. 5, Levine 1985 pg. 317","cattle, sheep, goats, horses, dogs, rodents",genus,"Aikawa & Sterling 1974 pg. 54, Levine 1985 pg. 301",no,species,Levine 1985 pg. 317,NF,NA,NA,no,class,Levine 1985 pg. 317,ticks,species,,"wolf, coyote, jackal, red fox, raccoon dog",species,,needs two hosts to complete transmission
Balantidium aragaoi,Balantidium aragaoi,Balantidium aragaoi,-1,Ciliate,Ciliophora,Litostomatea,Vestibuliferida,Balantidiidae,0,genus,Schuster and Ramirez-Aliva 2007,gut,digestive,genus,Schuster and Ramirez-Aliva 2007,"Central America, South America",species,Encyclopedia of Life,no,species,Encyclopedia of Life,NA,NA,NA,no,genus,Wikipedia,yes,genus,Wikipedia,both,genus,"Wikpedia, Schuster and Ramirez-Aliva 2007",NF,NF,NF,black howler monkey,species,Encyclopedia of Life,
Balantidium coli,Balantidium coli,Balantidium coli,1,Ciliate,Ciliophora,Litostomatea,Vestibuliferida,Balantidiidae,0,species,Schuster and Ramirez-Aliva 2008,gut,digestive,species,Schuster and Ramirez-Aliva 2008,"Worldwide, Latin America, Philippines, Papua New Guinea and West Irian, Middle East",species,Schuster and Ramirez-Aliva 2008,yes,species,Schuster and Ramirez-Aliva 2008,pigs,species,Schuster and Ramirez-Aliva 2008,no,genus,Wikipedia,yes,species,Wikipedia,both,species,"Wikpedia, Schuster and Ramirez-Aliva 2008","fecal-oral, waterborne",species,Wikipedia,"pigs, nonhuman primates (Celebes crested macaques, mandrills, hamadryas baboons, lemurs)",species,Schuster and Ramirez-Aliva 2008,
Besnoitia tarandi,Besnoitia tarandi,Besnoitia tarandi,-1,Sporozoan,Apicomplexa,Coccidia,Eucoccidiorida,Sarcocystidae,1,genus,Aikawa & Sterling 1974 pg. 42,"dermal tissue (skin); subcutaneous tissue, muscle fascia, periosteum, mucous membrane of mouth, pharynx and trachea, muscle, heart, lung, kidney, lymph node, brain, sclera, conjunctiva, skin","multi: muscular, repiratory, lymphatic, integumentary, urinary, nervous, ocular",species,"Aikawa & Sterling 1974 pg. 42, Dubey et al 2004 Table 1","Europe, North America",species,Gutierrez-Exposito et al. 2012,no,species,Gutierrez-Exposito et al. 2012,NA,NA,NA,no,genus,Wikipedia,yes,species,Aikawa & Sterling 1974 pg. 42,yes,genus,Aikawa & Sterling 1974 pg. 49,life cycle involves a definitive host and an intermediate host,genus,Veterinary Medicine (Eleventh Edition) 2017,"caribou, muskox, bison",species,Gutierrez-Exposito et al. 2012,obligatorily heteroxenous
Blastocystis hominis,Blastocystis hominis,Blastocystis hominis,0,Flagellate,Heterokontophyta,Blastocystea,Blastocystida,Blastocystidae,0,genus,Tan 2004,gut,digestive,species,Garcia 2013,worldwide,species,Garcia 2013,yes,species,Tan 2004,"pigs, chickens",genus,Tan 2004,no,genus,Tan 2005,yes,species,Garcia 2013,no,genus,Tan 2004,fecal-oral,species,Wikipedia,"guinea pigs, monkeys, birds, reptiles, rats",genus,Tan 2004,there is controversy over host specificity and taxonomic classification
Blepharocorys jubata,Blepharocorys jubata,Blepharocorys jubata,-1,Ciliate,Ciliophora,Litostomatea,Entodiniomorphida,Blepharocorythidae,NF,NA,NA,NF,NF,NA,NA,NF,NA,NA,NF,NA,NA,NF,NA,NA,NF,NA,NA,NF,NA,NA,NF,NA,NA,NF,NA,NA,NF,NA,NA,
Charonina hippopotami,Charonina hippopotami,Charonina hippopotami,-1,Ciliate,Ciliophora,Litostomatea,Entodiniomorphida,Blepharocorythidae,NF,NA,NA,gut,digestive,species,Thurston and Grain 1971,Africa,species,Thurston and Grain 1971,no,species,Thurston and Grain 1971,NA,NA,NA,no,species,Thurston and Grain 1971,NF,NA,NA,NF,NA,NA,NF,NA,NA,NF,NA,NA,
Chilomastix mesnili,Chilomastix mesnili,Chilomastix mesnili,0,Flagellate,Metamonada,Eopharyngia,Retortamonadida,Chilomastigidae,0,genus,Vaccaro 2000,gut,digestive,genus,Vaccaro 2000,worldwide,species,CDC,yes,species,Wikipedia,pigs,species,Wikipedia,yes,species,CDC,yes,species,CDC,NF,NA,NA,"ingestion; contaminated water, food, or by the fecal-oral route (hands or fomites)",genus; species,Vaccaro 2000; CDC,"chimpanzees, orangutans, monkeys",species,Wikipedia,
Cryptosporidium parvum,Cryptosporidium parvum,Cryptosporidium parvum,0,Sporozoan,Apicomplexa,Coccidia,Eucoccidiorida,Cryptosporidiidae,1,species,O'hara and Chen 2011,gut,digestive,species,O'hara and Chen 2011,worldwide,species,Garcia-R et al. 2017,yes,species,Garcia-R et al. 2017,cattle,species,Garcia-R et al. 2017,no,species,O'hara and Chen 2011,yes,species,O'hara and Chen 2011,yes,species,O'hara and Chen 2011,"fecal-oral, waterborne",species,Wikipedia,no,species,Garcia-R et al. 2017,intracellular but extracytoplasmic
Cycloposthium bipalmatum,Cycloposthium bipalmatum,Cycloposthium bipalmatum,-1,Ciliate,Ciliophora,Litostomatea,Entodiniomorphida,Cycloposthiidae,NF,NA,NA,NF,NF,NA,NA,NF,NA,NA,yes,species,Cameron et al. 2000,horses,species,Cameron et al. 2000,no,genus,Cameron et al. 2000,NF,NA,NA,no,genus,Cameron et al. 2000,NF,NA,NA,NF,NA,NA,
Cycloposthium corrugatum,Cycloposthium corrugatum,Cycloposthium corrugutum,-1,Ciliate,Ciliophora,Litostomatea,Entodiniomorphida,Cycloposthiidae,NF,NA,NA,NF,NF,NA,NA,NF,NA,NA,yes,species,Cameron et al. 2000,horses,species,Cameron et al. 2000,no,genus,Cameron et al. 2000,NF,NA,NA,no,genus,Cameron et al. 2000,NF,NA,NA,NF,NA,NA,
Cycloposthium dentiferum,Cycloposthium dentiferum,Cycloposthium dentiferum,-1,Ciliate,Ciliophora,Litostomatea,Entodiniomorphida,Cycloposthiidae,NF,NA,NA,NF,NF,NA,NA,NF,NA,NA,yes,species,Cameron et al. 2000,horses,species,Cameron et al. 2000,no,genus,Cameron et al. 2000,NF,NA,NA,no,genus,Cameron et al. 2000,NF,NA,NA,NF,NA,NA,
Cycloposthium edentatum,Cycloposthium edentatum,Cycloposthium edentatum,-1,Ciliate,Ciliophora,Litostomatea,Entodiniomorphida,Cycloposthiidae,NF,NA,NA,Australia,species,Cameron et al. 2000,NA,NF,NA,NA,yes,species,Cameron et al. 2000,horses,species,Cameron et al. 2000,no,species,Cameron et al. 2000,NF,NA,NA,no,species,Cameron et al. 2000,NF,NA,NA,black-striped wallaby,species,Cameron et al. 2000,
Cycloposthium scutigerum,Cycloposthium scutigerum,Cylicocyclus gylocephaloides,-1,Ciliate,Ciliophora,Litostomatea,Entodiniomorphida,Cycloposthiidae,NF,NA,NA,NF,NF,NA,NA,NF,NA,NA,yes,species,Cameron et al. 2000,horses,species,Cameron et al. 2000,no,genus,Cameron et al. 2000,NF,NA,NA,no,genus,Cameron et al. 2000,NF,NA,NA,NF,NA,NA,
Cyclospora cercopitheci,Cyclospora cercopitheci,Cyclospora cercopitheci,-1,Sporozoan,Apicomplexa,Coccidia,Eucoccidiorida,Eimeriidae,1,genus,CDC,gut,digestive,genus,CDC,NF,NA,NA,no,species,Wikipedia,NA,NA,NA,no,genus,Wikipedia,no,genus,CDC,yes,genus,CDC,"fecal-oral, ingestion",genus,CDC,African green monkey,species,Wikipedia,
Cyclospora colobi,Cyclospora colobi,Cyclospora colobi,-1,Sporozoan,Apicomplexa,Coccidia,Eucoccidiorida,Eimeriidae,1,genus,CDC,gut,digestive,genus,CDC,NF,NA,NA,no,species,Wikipedia,NA,NA,NA,no,genus,Wikipedia,no,genus,CDC,yes,genus,CDC,"fecal-oral, ingestion",genus,CDC,Colobus monkey,species,Wikipedia,
Cyclospora papionis,Cyclospora papionis,Cyclospora papionis,-1,Sporozoan,Apicomplexa,Coccidia,Eucoccidiorida,Eimeriidae,1,genus,CDC,gut,digestive,genus,CDC,NF,NA,NA,no,species,Wikipedia,NA,NA,NA,no,genus,Wikipedia,no,genus,CDC,yes,genus,CDC,"fecal-oral, ingestion",genus,CDC,Olive baboon,species,Wikipedia,
Cystoisospora felis,Cystoisospora felis,Isospora felis,-1,Sporozoan,Apicomplexa,Coccidia,Eucoccidiorida,Sarcocystidae,1,species,Dubey 2014,small intestine,digestive,species,Dubey 2014,worldwide,species,Dubey 2014,yes,species,Dubey 2014,cat,species,Dubey 2014,no,species,Dubey 2014,yes,species,Dubey 2014,yes,species,Dubey 2014,fecal-oral,species,Dubey 2014,mice,species,Dubey 2014,
Cystoisospora ohioensis,Cystoisospora ohioensis,Isospora ohioensis,-1,Sporozoan,Apicomplexa,Coccidia,Eucoccidiorida,Sarcocystidae,1,species,Lee et al. 2018,gut,digestive,species,Lee et al. 2018,Asia,species,Lee et al. 2018,yes,species,Lee et al. 2018,dog,species,Lee et al. 2018,no,species,Lee et al. 2018,yes,species,Lee et al. 2018,yes,species,Lee et al. 2018,fecal-oral,species,Lee et al. 2018,Japanese raccoon dog,species,Lee et al. 2018,
Cytauxzoon felis,Cytauxzoon felis,Cytauxzoon felis,-1,Sporozoan,Apicomplexa,Aconoidasida,Achromatorida,Theileriidae,1,species,Merck,"white blood cells, red blood cells",circulatory,species,Merck,"worldwide, North America, South America, Europe, Asia, Africa",species,Wang et al. 2017,yes,species,Merck,cat,species,Merck,no,species,Wang et al. 2017,no,species,Wang et al. 2017,yes,species,Wang et al. 2017,"ticks (Amblyomma americanum, the lone star tick, or Dermacentor variabilis, the American dog tick)",species,Wang et al. 2017,"Bobcats (Lynx rufus), Iberian lynxes (Lynx pardinus), Eurasian lynxes (Lynx lynx), wild cats (Felis silvestris), Panthera onca, Leopardus pardalis, Puma concolor, Leopardus tigrinis, ",species,Wang et al. 2017,
Cytauxzoon manul,Cytauxzoon manul,Cytauxzoon manul,-1,Sporozoan,Apicomplexa,Aconoidasida,Piroplasmida,Theileriidae,1,species,Wang et al. 2017,red blood cells,circulatory,species,Keta-Riley et al. 2003,Asia,species,Keta-Riley et al. 2003,no,species,Keta-Riley et al. 2003,NA,NA,NA,no,species,Keta-Riley et al. 2003,no,species,Keta-Riley et al. 2003,yes,genus,Wang et al. 2018,ticks,species,Keta-Riley et al. 2003,Pallas's cats (Otocolobus manul),species,Keta-Riley et al. 2003,
Dientamoeba fragilis,Dientamoeba fragilis,Dientamoeba fragilis,0,Flagellate,Metamonada,Trichomonada,Trichomonadida,Monocercomonadidae,0,species,CDC,large intestine,digestive,species,CDC,worldwide,species,CDC,yes,species,Stark et al. 2016,pigs,species,Stark et al. 2016,no,species,Stark et al. 2016,yes,species,Stark et al. 2016,no,species,CDC,"fecal-oral, intermediate host, cyst",species,Stark et al. 2016,"gorillas, rodents",species,Stark et al. 2016,parasite is not well known despite infecting humans. Transmission is debated. May be passed on through ova of the helminth pinworm E. vermicularis
Diplodinium anacanthum,Diplodinium anacanthum,"Diplodinium anacanthum F. anacanthum, Diplodinium anacanthum F. monocanthum",-1,Ciliate,Ciliophora,Litostomatea,Entodiniomorphida,Ophryoscolecidae,0,genus,Williams and Coleman 2012 pg. 33,rumen,digestive,species,Williams and Coleman 2012 pg. 33,worldwide,species,Williams and Coleman 2012 pg. 36,yes,species,Williams and Coleman 2012 pg. 36,"cattle, waterbuffalo, zebu",species,Williams and Coleman 2012 pg. 36,no,genus,Williams and Coleman 2012 pg. 33,no,genus,Williams and Coleman 2012 pg. 33,no,genus,Williams and Coleman 2012 pg. 33,NF,NA,NA,no,species,Williams and Coleman 2012 pg. 36,
Diplodinium dentatum,Diplodinium dentatum,Diplodinium dentatum,-1,Ciliate,Ciliophora,Litostomatea,Entodiniomorphida,Ophryoscolecidae,1,genus,Williams and Coleman 2012 pg. 33,rumen,digestive,species,Williams and Coleman 2012 pg. 33,NF,NA,NA,NF,NA,NA,NF,NA,NA,no,genus,Williams and Coleman 2012 pg. 34,no,genus,Williams and Coleman 2012 pg. 34,no,genus,Williams and Coleman 2012 pg. 34,NF,NA,NA,NF,NA,NA,
Diploplastron affine,Diploplastron affine,Diploplastron affine,-1,Ciliate,Ciliophora,Litostomatea,Entodiniomorphida,Ophryoscolecidae,NF,NA,NA,rumen,digestive,species,Wereszka and Michałowski 2012,worldwide,species,Wereszka and Michałowski 2012,yes,species,Wereszka and Michałowski 2012,"cattle, sheep",species,Wereszka and Michałowski 2012,NF,NA,NA,NF,NA,NA,NF,NA,NA,NF,NA,NA,no,species,Wereszka and Michałowski 2012,
Eimeria auburnensis,Eimeria auburnensis,Eimeria auburnensis,-1,Sporozoan,Apicomplexa,Coccidia,Eucoccidiorida,Eimeriidae,1,genus,Aikawa & Sterling 1974 pg. 42,gut,digestive,genus,Aikawa & Sterling 1974 pg. 42,worldwide,genus,Gutteridge & Coombs 1977 pg. 5,yes,species,Hammond et al. 1961,cattle,species,Hammond et al. 1961,no,genus,Wikipedia,yes,genus,Gutteridge & Coombs 1977,yes,genus,Aikawa & Sterling 1974 pg. 49,"enivorment, cysts",genus,"Aikawa & Sterling 1974, Gutteridge & Coombs 1977",no,genus,Aikawa & Sterling 1974 pg. 42,"Eimeria: development in single host and oocysts pass into environment. In vertebrates, mostly in epithelial cells like gut (Aikawa, 42); Eimeria are monoxenes (having only one host)"
Eimeria bovis,Eimeria bovis,Eimeria bovis,-1,Sporozoan,Apicomplexa,Coccidia,Eucoccidiorida,Eimeriidae,1,genus,Aikawa & Sterling 1974 pg. 42,"small intestine, large intestine",digestive,genus,Aikawa & Sterling 1974 pg. 42,worldwide,genus,Gutteridge & Coombs 1977 pg. 5,yes,species,Wikipedia,cattle,species,Wikipedia,no,genus,Wikipedia,yes,genus,Gutteridge & Coombs 1977,yes,genus,Aikawa & Sterling 1974 pg. 49,"enivorment, cysts",genus,"Aikawa & Sterling 1974, Gutteridge & Coombs 1977",no,genus,Aikawa & Sterling 1974 pg. 42,"Eimeria: development in single host and oocysts pass into environment. In vertebrates, mostly in epithelial cells like gut (Aikawa, 42); Eimeria are monoxenes (having only one host)"
Eimeria crispus,Eimeria crispus,Eimeria crispus,-1,Sporozoan,Apicomplexa,Coccidia,Eucoccidiorida,Eimeriidae,1,genus,Aikawa & Sterling 1974 pg. 42,gut,digestive,genus,Aikawa & Sterling 1974 pg. 42,Japan,species,Inoue 1989,no,species,Inoue 1989,NA,NA,NA,no,genus,Wikipedia,yes,genus,Gutteridge & Coombs 1977,yes,genus,Aikawa & Sterling 1974 pg. 49,"enivorment, cysts",genus,"Aikawa & Sterling 1974, Gutteridge & Coombs 1977",Japanese Serow,species,Inoue 1898,"Eimeria: development in single host and oocysts pass into environment. In vertebrates, mostly in epithelial cells like gut (Aikawa, 42); Eimeria are monoxenes (having only one host)"
Eimeria felina,Eimeria felina,Eimeria felina,-1,Sporozoan,Apicomplexa,Coccidia,Eucoccidiorida,Eimeriidae,1,genus,Aikawa & Sterling 1974 pg. 42,gut,digestive,genus,Aikawa & Sterling 1974 pg. 42,Europe,species,Scientific Online Library,yes,species,Scientific Online Library,cats,species,Scientific Online Library,no,genus,Wikipedia,yes,genus,Gutteridge & Coombs 1977,yes,genus,Aikawa & Sterling 1974 pg. 49,"enivorment, cysts",genus,"Aikawa & Sterling 1974, Gutteridge & Coombs 1977",no,genus,Aikawa & Sterling 1974 pg. 42,"Eimeria: development in single host and oocysts pass into environment. In vertebrates, mostly in epithelial cells like gut (Aikawa, 42); Eimeria are monoxenes (having only one host)"
Eimeria furonis,Eimeria furonis,Eimeria furonis,-1,Sporozoan,Apicomplexa,Coccidia,Eucoccidiorida,Eimeriidae,1,genus,Aikawa & Sterling 1974 pg. 42,gut,digestive,genus,Aikawa & Sterling 1974 pg. 42,worldwide,genus,Gutteridge & Coombs 1977 pg. 5,no,species,not reported anywhere,NA,NA,NA,no,genus,Wikipedia,yes,genus,Gutteridge & Coombs 1977,yes,genus,Aikawa & Sterling 1974 pg. 49,"enivorment, cysts",genus,"Aikawa & Sterling 1974, Gutteridge & Coombs 1977","skunks, ferrets",species,https://www.ncbi.nlm.nih.gov/pubmed/22129123; https://www.tandfonline.com/doi/abs/10.1080/00034983.1932.11684728?journalCode=ypgh19,"Eimeria: development in single host and oocysts pass into environment. In vertebrates, mostly in epithelial cells like gut (Aikawa, 42); Eimeria are monoxenes (having only one host)"
Eimeria hreindyria,Eimeria hreindyria,Eimeria hreindyria n. sp,-1,Sporozoan,Apicomplexa,Coccidia,Eucoccidiorida,Eimeriidae,1,genus,Aikawa & Sterling 1974 pg. 42,gut,digestive,genus,Aikawa & Sterling 1974 pg. 42,worldwide,genus,Gutteridge & Coombs 1977 pg. 5,no,species,Skírnisson and Cuyler 2015,NA,NA,NA,no,genus,Wikipedia,yes,genus,Gutteridge & Coombs 1977,yes,genus,Aikawa & Sterling 1974 pg. 49,"enivorment, cysts",genus,"Aikawa & Sterling 1974, Gutteridge & Coombs 1977",reindeer,species,Skírnisson and Cuyler 2015,"Eimeria: development in single host and oocysts pass into environment. In vertebrates, mostly in epithelial cells like gut (Aikawa, 42); Eimeria are monoxenes (having only one host)"
Eimeria ictidea,Eimeria ictidea,Eimeria Ictidea,-1,Sporozoan,Apicomplexa,Coccidia,Eucoccidiorida,Eimeriidae,1,genus,Aikawa & Sterling 1974 pg. 42,gut,digestive,genus,Aikawa & Sterling 1974 pg. 42,worldwide,genus,Gutteridge & Coombs 1977 pg. 5,no,species,not reported anywhere,NA,NA,NA,no,genus,Wikipedia,yes,genus,Gutteridge & Coombs 1977,yes,genus,Aikawa & Sterling 1974 pg. 49,"enivorment, cysts",genus,"Aikawa & Sterling 1974, Gutteridge & Coombs 1977","skunks, ferrets",species,Aikawa & Sterling 1974 pg. 42,"Eimeria: development in single host and oocysts pass into environment. In vertebrates, mostly in epithelial cells like gut (Aikawa, 42); Eimeria are monoxenes (having only one host)"
Eimeria kamoshika,Eimeria kamoshika,Eimeria kamoshika,-1,Sporozoan,Apicomplexa,Coccidia,Eucoccidiorida,Eimeriidae,1,genus,Aikawa & Sterling 1974 pg. 42,gut,digestive,genus,Aikawa & Sterling 1974 pg. 42,Japan,species,Inoue 1989,no,species,Inoue 1989,NA,NA,NA,no,genus,Wikipedia,yes,genus,Gutteridge & Coombs 1977,yes,genus,Aikawa & Sterling 1974 pg. 49,"enivorment, cysts",genus,"Aikawa & Sterling 1974, Gutteridge & Coombs 1977",Japanese Serow,species,Inoue 1898,"Eimeria: development in single host and oocysts pass into environment. In vertebrates, mostly in epithelial cells like gut (Aikawa, 42); Eimeria are monoxenes (having only one host)"
Eimeria macusaniensis,Eimeria macusaniensis,Eimeria macusaniensis,-1,Sporozoan,Apicomplexa,Coccidia,Eucoccidiorida,Eimeriidae,1,genus,Aikawa & Sterling 1974 pg. 42,gut,digestive,genus,Aikawa & Sterling 1974 pg. 42,worldwide,species,SciQuest ,no,species,SciQuest,NA,NA,NA,no,genus,Wikipedia,yes,genus,Gutteridge & Coombs 1977,yes,genus,Aikawa & Sterling 1974 pg. 49,"enivorment, cysts",genus,"Aikawa & Sterling 1974, Gutteridge & Coombs 1977","llamas, alpacas, guanacos, vicunas",genus,Aikawa & Sterling 1974 pg. 42,"Eimeria: development in single host and oocysts pass into environment. In vertebrates, mostly in epithelial cells like gut (Aikawa, 42); Eimeria are monoxenes (having only one host)"
Eimeria madisonensis,Eimeria madisonensis,Eimeria madisonensis,-1,Sporozoan,Apicomplexa,Coccidia,Eucoccidiorida,Eimeriidae,1,genus,Aikawa & Sterling 1974 pg. 42,gut,digestive,genus,Aikawa & Sterling 1974 pg. 42,worldwide,genus,Gutteridge & Coombs 1977 pg. 5,,,,,,,no,genus,Wikipedia,yes,genus,Gutteridge & Coombs 1977,yes,genus,Aikawa & Sterling 1974 pg. 49,"enivorment, cysts",genus,"Aikawa & Sterling 1974, Gutteridge & Coombs 1977",no,genus,Aikawa & Sterling 1974 pg. 42,"Eimeria: development in single host and oocysts pass into environment. In vertebrates, mostly in epithelial cells like gut (Aikawa, 42); Eimeria are monoxenes (having only one host)"
Eimeria mayeri,Eimeria mayeri,Eimeria mayeri,-1,Sporozoan,Apicomplexa,Coccidia,Eucoccidiorida,Eimeriidae,1,genus,Aikawa & Sterling 1974 pg. 42,gut,digestive,genus,Aikawa & Sterling 1974 pg. 42,worldwide,genus,Gutteridge & Coombs 1977 pg. 5,no,species,Skírnisson and Cuyler 2015,NA,NA,NA,no,genus,Wikipedia,yes,genus,Gutteridge & Coombs 1977,yes,genus,Aikawa & Sterling 1974 pg. 49,"enivorment, cysts",genus,"Aikawa & Sterling 1974, Gutteridge & Coombs 1977",reindeer,species,Skírnisson and Cuyler 2015,"Eimeria: development in single host and oocysts pass into environment. In vertebrates, mostly in epithelial cells like gut (Aikawa, 42); Eimeria are monoxenes (having only one host)"
Eimeria mccordocki,Eimeria mccordocki,Eimeria mccordocki,-1,Sporozoan,Apicomplexa,Coccidia,Eucoccidiorida,Eimeriidae,1,genus,Aikawa & Sterling 1974 pg. 42,gut,digestive,genus,Aikawa & Sterling 1974 pg. 42,worldwide,genus,Gutteridge & Coombs 1977 pg. 5,,,,,,,no,genus,Wikipedia,yes,genus,Gutteridge & Coombs 1977,yes,genus,Aikawa & Sterling 1974 pg. 49,"enivorment, cysts",genus,"Aikawa & Sterling 1974, Gutteridge & Coombs 1977",no,genus,Aikawa & Sterling 1974 pg. 42,"Eimeria: development in single host and oocysts pass into environment. In vertebrates, mostly in epithelial cells like gut (Aikawa, 42); Eimeria are monoxenes (having only one host)"
Eimeria melis,Eimeria melis,Eimeria melis,-1,Sporozoan,Apicomplexa,Coccidia,Eucoccidiorida,Eimeriidae,1,genus,Aikawa & Sterling 1974 pg. 42,gut,digestive,genus,Aikawa & Sterling 1974 pg. 42,worldwide,genus,Gutteridge & Coombs 1977 pg. 5,,,,,,,no,genus,Wikipedia,yes,genus,Gutteridge & Coombs 1977,yes,genus,Aikawa & Sterling 1974 pg. 49,"enivorment, cysts",genus,"Aikawa & Sterling 1974, Gutteridge & Coombs 1977",no,genus,Aikawa & Sterling 1974 pg. 42,"Eimeria: development in single host and oocysts pass into environment. In vertebrates, mostly in epithelial cells like gut (Aikawa, 42); Eimeria are monoxenes (having only one host)"
Eimeria mephitidis,Eimeria mephitidis,Eimeria mephitidis,-1,Sporozoan,Apicomplexa,Coccidia,Eucoccidiorida,Eimeriidae,1,genus,Aikawa & Sterling 1974 pg. 42,gut,digestive,genus,Aikawa & Sterling 1974 pg. 42,worldwide,genus,Gutteridge & Coombs 1977 pg. 5,,,,,,,no,genus,Wikipedia,yes,genus,Gutteridge & Coombs 1977,yes,genus,Aikawa & Sterling 1974 pg. 49,"enivorment, cysts",genus,"Aikawa & Sterling 1974, Gutteridge & Coombs 1977",no,genus,Aikawa & Sterling 1974 pg. 42,"Eimeria: development in single host and oocysts pass into environment. In vertebrates, mostly in epithelial cells like gut (Aikawa, 42); Eimeria are monoxenes (having only one host)"
Eimeria nuttalli,Eimeria nuttalli,Eimeria Nuttalli,-1,Sporozoan,Apicomplexa,Coccidia,Eucoccidiorida,Eimeriidae,1,genus,Aikawa & Sterling 1974 pg. 42,gut,digestive,genus,Aikawa & Sterling 1974 pg. 42,worldwide,genus,Gutteridge & Coombs 1977 pg. 5,,,,,,,no,genus,Wikipedia,yes,genus,Gutteridge & Coombs 1977,yes,genus,Aikawa & Sterling 1974 pg. 49,"enivorment, cysts",genus,"Aikawa & Sterling 1974, Gutteridge & Coombs 1977",no,genus,Aikawa & Sterling 1974 pg. 42,"Eimeria: development in single host and oocysts pass into environment. In vertebrates, mostly in epithelial cells like gut (Aikawa, 42); Eimeria are monoxenes (having only one host)"
Eimeria odocoilei,Eimeria odocoilei,Eimeria odocoilei,-1,Sporozoan,Apicomplexa,Coccidia,Eucoccidiorida,Eimeriidae,1,genus,Aikawa & Sterling 1974 pg. 42,gut,digestive,genus,Aikawa & Sterling 1974 pg. 42,worldwide,genus,Gutteridge & Coombs 1977 pg. 5,,,,,,,no,genus,Wikipedia,yes,genus,Gutteridge & Coombs 1977,yes,genus,Aikawa & Sterling 1974 pg. 49,"enivorment, cysts",genus,"Aikawa & Sterling 1974, Gutteridge & Coombs 1977",no,genus,Aikawa & Sterling 1974 pg. 42,"Eimeria: development in single host and oocysts pass into environment. In vertebrates, mostly in epithelial cells like gut (Aikawa, 42); Eimeria are monoxenes (having only one host)"
Eimeria pachylepyron,Eimeria pachylepyron,Eimeria pachylepyron,-1,Sporozoan,Apicomplexa,Coccidia,Eucoccidiorida,Eimeriidae,1,genus,Aikawa & Sterling 1974 pg. 42,gut,digestive,genus,Aikawa & Sterling 1974 pg. 42,worldwide,genus,Gutteridge & Coombs 1977 pg. 5,,,,,,,no,genus,Wikipedia,yes,genus,Gutteridge & Coombs 1977,yes,genus,Aikawa & Sterling 1974 pg. 49,"enivorment, cysts",genus,"Aikawa & Sterling 1974, Gutteridge & Coombs 1977",no,genus,Aikawa & Sterling 1974 pg. 42,"Eimeria: development in single host and oocysts pass into environment. In vertebrates, mostly in epithelial cells like gut (Aikawa, 42); Eimeria are monoxenes (having only one host)"
Eimeria rangiferis,Eimeria rangiferis,Eimeria rangiferis n. sp,-1,Sporozoan,Apicomplexa,Coccidia,Eucoccidiorida,Eimeriidae,1,genus,Aikawa & Sterling 1974 pg. 42,gut,digestive,genus,Aikawa & Sterling 1974 pg. 42,worldwide,genus,Gutteridge & Coombs 1977 pg. 5,no,species,Skírnisson and Cuyler 2015,NA,NA,NA,no,genus,Wikipedia,yes,genus,Gutteridge & Coombs 1977,yes,genus,Aikawa & Sterling 1974 pg. 49,"enivorment, cysts",genus,"Aikawa & Sterling 1974, Gutteridge & Coombs 1977",reindeer,species,Skírnisson and Cuyler 2015,"Eimeria: development in single host and oocysts pass into environment. In vertebrates, mostly in epithelial cells like gut (Aikawa, 42); Eimeria are monoxenes (having only one host)"
Eimeria serowi,Eimeria serowi,Eimeria serowi,-1,Sporozoan,Apicomplexa,Coccidia,Eucoccidiorida,Eimeriidae,1,genus,Aikawa & Sterling 1974 pg. 42,gut,digestive,genus,Aikawa & Sterling 1974 pg. 42,Japan,species,Inoue 1989,no,species,Inoue 1989,NA,NA,NA,no,genus,Wikipedia,yes,genus,Gutteridge & Coombs 1977,yes,genus,Aikawa & Sterling 1974 pg. 49,"enivorment, cysts",genus,"Aikawa & Sterling 1974, Gutteridge & Coombs 1977",Japanese Serow,species,Inoue 1898,"Eimeria: development in single host and oocysts pass into environment. In vertebrates, mostly in epithelial cells like gut (Aikawa, 42); Eimeria are monoxenes (having only one host)"
Eimeria vulpis,Eimeria vulpis,Eimeria vulpis,-1,Sporozoan,Apicomplexa,Coccidia,Eucoccidiorida,Eimeriidae,1,genus,Aikawa & Sterling 1974 pg. 42,gut,digestive,genus,Aikawa & Sterling 1974 pg. 42,worldwide,genus,Gutteridge & Coombs 1977 pg. 5,,,,,,,no,genus,Wikipedia,yes,genus,Gutteridge & Coombs 1977,yes,genus,Aikawa & Sterling 1974 pg. 49,"enivorment, cysts",genus,"Aikawa & Sterling 1974, Gutteridge & Coombs 1977",no,genus,Aikawa & Sterling 1974 pg. 42,"Eimeria: development in single host and oocysts pass into environment. In vertebrates, mostly in epithelial cells like gut (Aikawa, 42); Eimeria are monoxenes (having only one host)"
Eimeria zuernii,Eimeria zuernii,Eimeria zuernii,-1,Sporozoan,Apicomplexa,Coccidia,Eucoccidiorida,Eimeriidae,1,genus,Aikawa & Sterling 1974 pg. 42,"small intestine, large intestine",digestive,genus,Aikawa & Sterling 1974 pg. 43,worldwide,genus,Gutteridge & Coombs 1977 pg. 5,yes,species,Wikipedia,cattle,species,Wikipedia,no,genus,Wikipedia,yes,genus,Gutteridge & Coombs 1977,yes,genus,Aikawa & Sterling 1974 pg. 49,"Oocysts excreted with host faeces contaminate the external environment, but they must undergo internal sporulation (sporozoite formation) before they become infective. New hosts are infected when they ingest sporulated oocysts contaminating food or water supplies (faecal-oral transmission). Following ingestion, oocysts and sporocysts excyst in the intestines releasing their contained sporozoites which invade host cells to begin merogony. Excystation stimuli include appropriate post-gastric physico-chemical conditions, such as oxygen levels, pH, bile salts, pancreatic enzymes, etc.",genus,https://parasite.org.au/para-site/text/eimeria-text.html,no,genus,Aikawa & Sterling 1974 pg. 42,"Eimeria: development in single host and oocysts pass into environment. In vertebrates, mostly in epithelial cells like gut (Aikawa, 42); Eimeria are monoxenes (having only one host)"
Elyplastron bubali,Elyplastron bubali,Elyplastron bubali,-1,Ciliate,Ciliophora,Litostomatea,Entodiniomorphida,Ophryoscolecidae,NF,NA,NA,gut,digestive,species,https://onlinelibrary.wiley.com/doi/full/10.1111/j.1365-2028.2007.00822.x,NF,NA,NA,NF,NA,NA,NA,NA,NA,,,,,,,,,,,,,,,,
Endolimax nana,Endolimax nana,Endolimax nana,0,Amoeba,Amoebozoa,Archamoebae,Mastigamoebida,Mastigamoebidae,0,genus,Vaccaro 2000,gut,digestive,genus,Vaccaro 2000,worldwide,species,Paulsen and Stensvold 2016,no,genus,Paulsen and Stensvold 2016,NA,NA,NA,no,species,Paulsen and Stensvold 2016,yes,genus,Paulsen and Stensvold 2016,no,species,Paulsen and Stensvold 2016,"fecal-oral, ingestion, cysts",species,Paulsen and Stensvold 2016,humans,species,Paulsen and Stensvold 2016,
Entamoeba chattoni,Entamoeba chattoni,Entamoeba chattoni,1,Amoeba,Sarcomastigophora,Lobosea,Amoebida,Endamoebidae,0,genus,Vaccaro 2000,"gut, liver, mouth",digestive,genus,Vaccaro 2000,tropics,genus,Gutteridge & Coombs 1977 pg. 5,,,,,,,,,,yes,genus,Gutteridge & Coombs 1977,,,,"ingestion, cysts",genus,"Vaccaro 2000, Gutteridge & Coombs 1977",,,,
Entamoeba coli,Entamoeba coli,Entamoemba coli,3,Amoeba,Sarcomastigophora,Lobosea,Amoebida,Endamoebidae,0,genus,Vaccaro 2000,"gut, liver, mouth",digestive,genus,Vaccaro 2000,tropics,genus,Gutteridge & Coombs 1977 pg. 5,,,,,,,,,,yes,genus,Gutteridge & Coombs 1977,,,,"ingestion, cysts",genus,"Vaccaro 2000, Gutteridge & Coombs 1977",,,,
Entamoeba dispar,Entamoeba dispar,Entamoeba dispar,0,Amoeba,Sarcomastigophora,Lobosea,Amoebida,Endamoebidae,0,genus,Vaccaro 2000,"gut, liver, mouth",digestive,genus,Vaccaro 2000,tropics,genus,Gutteridge & Coombs 1977 pg. 5,,,,,,,,,,yes,genus,Gutteridge & Coombs 1977,,,,"ingestion, cysts",genus,"Vaccaro 2000, Gutteridge & Coombs 1977",,,,
Entamoeba hartmanni,Entamoeba hartmanni,Entamoeba hartmannii,0,Amoeba,Sarcomastigophora,Lobosea,Amoebida,Endamoebidae,0,genus,Vaccaro 2000,"gut, liver, mouth",digestive,genus,Vaccaro 2000,tropics,genus,Gutteridge & Coombs 1977 pg. 5,,,,,,,,,,yes,genus,Gutteridge & Coombs 1977,,,,"ingestion, cysts",genus,"Vaccaro 2000, Gutteridge & Coombs 1977",,,,
Entamoeba histolytica,,,0,Amoeba,Sarcomastigophora,Lobosea,Amoebida,Endamoebidae,0,genus,Vaccaro 2001,"gut, liver, mouth",digestive,genus,Vaccaro 2001,tropics,genus,Gutteridge & Coombs 1977 pg. 6,,,,,,,,,,yes,genus,Gutteridge & Coombs 1978,,,,"ingestion, cysts",genus,"Vaccaro 2000, Gutteridge & Coombs 1978",,,,
Entamoeba polecki,Entamoeba polecki,Entamoeba polecki,0,Amoeba,Sarcomastigophora,Lobosea,Amoebida,Endamoebidae,0,genus,Vaccaro 2000,"gut, liver, mouth",digestive,genus,Vaccaro 2000,tropics,genus,Gutteridge & Coombs 1977 pg. 5,,,,,,,,,,yes,genus,Gutteridge & Coombs 1977,,,,"ingestion, cysts",genus,"Vaccaro 2000, Gutteridge & Coombs 1977",,,,
Entodinium bicornutum,Entodinium bicornutum,Entodinium bicornutum,-1,Ciliate,Ciliophora,Litostomatea,Entodiniomorphida,Ophryoscolecidae,,,,,,,,,,,,,,,,,,,,,,,,,,,,,,,,
Entodinium bursa,Entodinium bursa,Entodinium bursa,-1,Ciliate,Ciliophora,Litostomatea,Entodiniomorphida,Ophryoscolecidae,,,,,,,,,,,,,,,,,,,,,,,,,,,,,,,,
Entodinium caudatum,Entodinium caudatum,Entodiunium caudatum,-1,Ciliate,Ciliophora,Litostomatea,Entodiniomorphida,Ophryoscolecidae,,,,,,,,,,,,,,,,,,,,,,,,,,,,,,,,
Entodinium dubardi,Entodinium dubardi,Entodinium dubardi,-1,Ciliate,Ciliophora,Litostomatea,Entodiniomorphida,Ophryoscolecidae,,,,,,,,,,,,,,,,,,,,,,,,,,,,,,,,
Entodinium furca,Entodinium furca,Entodinium furca,-1,Ciliate,Ciliophora,Litostomatea,Entodiniomorphida,Ophryoscolecidae,,,,,,,,,,,,,,,,,,,,,,,,,,,,,,,,
Entodinium minimum,Entodinium minimum,Entodinium minimum,-1,Ciliate,Ciliophora,Litostomatea,Entodiniomorphida,Ophryoscolecidae,,,,,,,,,,,,,,,,,,,,,,,,,,,,,,,,
Entopolypoides macaci,Entopolypoides macaci,Entopolypoides macaci,-1,Sporozoan,Apicomplexa,Aconoidasida,Achromatorida,Babesiidae,,,,,,,,,,,,,,,,,,,,,,,,,,,,,,,,
Epidinium bulbiferum,Epidinium bulbiferum,Epidinium bulbiferum,-1,Ciliate,Ciliophora,Litostomatea,Entodiniomorphida,Ophryoscolecidae,,,,,,,,,,,,,,,,,,,,,,,,,,,,,,,,
Epidinium caudatum,Epidinium caudatum,Epidinium caudatum,-1,Ciliate,Ciliophora,Litostomatea,Entodiniomorphida,Ophryoscolecidae,,,,,,,,,,,,,,,,,,,,,,,,,,,,,,,,
Epidinium gigas,Epidinium gigas,Epidinium gigas,-1,Ciliate,Ciliophora,Litostomatea,Entodiniomorphida,Ophryoscolecidae,,,,,,,,,,,,,,,,,,,,,,,,,,,,,,,,
Eudiplodinium maggi,Eudiplodinium maggi,Eudiplodinium maggi,-1,Ciliate,Ciliophora,Litostomatea,Entodiniomorphida,Ophryoscolecidae,,,,,,,,,,,,,,,,,,,,,,,,,,,,,,,,
Giardia intestinalis,Giardia intestinalis,Giardia Lamblia,0,Flagellate,Sarcomastigophora,Zoomastigophora,Diplomonadida,Hexamitidae,0,genus,Vaccaro 2000,gut,digestive,genus,Vaccaro 2000,,,,,,,,,,,,,,,,,,,ingestion,,Vaccaro 2000,,,,
Hepatocystis cercopitheci,Hepatocystis cercopitheci,Hepatocystis cercopitheci,-1,Sporozoan,Apicomplexa,Aconoidasida,Haemosporida,Plasmodiidae,,,,,,,,,,,,,,,,,,,,,,,,,,,,,,,,
Hepatocystis foleyi,Hepatocystis foleyi,Plasmodium foleyi,-1,Sporozoan,Apicomplexa,Aconoidasida,Haemosporida,Plasmodiidae,,,,,,,,,,,,,,,,,,,,,,,,,,,,,,,,
Hepatocystis kochi,Hepatocystis kochi,Hepatocystes kochi,-1,Sporozoan,Apicomplexa,Aconoidasida,Haemosporida,Plasmodiidae,,,,,,,,,,,,,,,,,,,,,,,,,,,,,,,,
Hepatocystis semnopitheci,Hepatocystis semnopitheci,Hepatocystis semnopitheci,-1,Sporozoan,Apicomplexa,Aconoidasida,Haemosporida,Plasmodiidae,,,,,,,,,,,,,,,,,,,,,,,,,,,,,,,,
Hepatocystis simiae,Hepatocystis simiae,Hepatocystis simiae,-1,Sporozoan,Apicomplexa,Aconoidasida,Haemosporida,Plasmodiidae,,,,,,,,,,,,,,,,,,,,,,,,,,,,,,,,
Hepatocystis taiwanensis,Hepatocystis taiwanensis,Hepatocystis taiwanensis,-1,Sporozoan,Apicomplexa,Aconoidasida,Haemosporida,Plasmodiidae,,,,,,,,,,,,,,,,,,,,,,,,,,,,,,,,
Hepatozoon americanum,Hepatozoon americanum,Hepatozoon americanum,-1,Sporozoan,Apicomplexa,Coccidia,Eucoccidiorida,Hepatozoidae,1,,Ewing 2003,,,,,,,,,,,,,,,,,,,,,,,,,,,,,
Hepatozoon canis,Hepatozoon canis,Hepatozoon Canis,-1,Sporozoan,Apicomplexa,Coccidia,Eucoccidiorida,Hepatozoidae,1,,Ewing 2003,,,,,,,,,,,,,,,,,,,,,,,,,,,,,
Hepatozoon JM-1,Hepatozoon JM-1,Hepatozoon sp. JM-1,-1,Sporozoan,Apicomplexa,Coccidia,Eucoccidiorida,Hepatozoidae,1,,Ewing 2003,,,,,,,,,,,,,,,,,,,,,,,,,,,,,
Hepatozoon JM-2,Hepatozoon JM-2,Hepatozoon sp. JM-2,-1,Sporozoan,Apicomplexa,Coccidia,Eucoccidiorida,Hepatozoidae,1,,Ewing 2003,,,,,,,,,,,,,,,,,,,,,,,,,,,,,
Hepatozoon JM-3,Hepatozoon JM-3,Hepatozoon sp. JM-3,-1,Sporozoan,Apicomplexa,Coccidia,Eucoccidiorida,Hepatozoidae,1,,Ewing 2003,,,,,,,,,,,,,,,,,,,,,,,,,,,,,
Hepatozoon JM-4,Hepatozoon JM-4,Hepatozoon sp. JM-4,-1,Sporozoan,Apicomplexa,Coccidia,Eucoccidiorida,Hepatozoidae,1,,Ewing 2003,,,,,,,,,,,"goat (int), dog (final)",,,,,,,,,,,,,,,,,,
Hepatozoon JM-5,Hepatozoon JM-5,Hepatozoon sp. JM-5,-1,Sporozoan,Apicomplexa,Coccidia,Eucoccidiorida,Hepatozoidae,1,,Ewing 2003,,,,,,,,,,,,,,,,,,,,,,,,,,,,,
Hepatozoon JM-6,Hepatozoon JM-6,Hepatozoon sp. JM-6,-1,Sporozoan,Apicomplexa,Coccidia,Eucoccidiorida,Hepatozoidae,1,,Ewing 2003,,,,,,,,,,,,,,,,,,,,,,,,,,,,,
Hepatozoon JM-7,Hepatozoon JM-7,Hepatozoon sp. JM-7,-1,Sporozoan,Apicomplexa,Coccidia,Eucoccidiorida,Hepatozoidae,1,,Ewing 2003,,,,,,,,,,,,,,,,,,,,,,,,,,,,,
Hepatozoon JM-8,Hepatozoon JM-8,Hepatozoon sp. JM-8,-1,Sporozoan,Apicomplexa,Coccidia,Eucoccidiorida,Hepatozoidae,1,,Ewing 2003,,,,,,,,,,,,,,,,,,,,,,,,,,,,,
Hepatozoon procyonis,Hepatozoon procyonis,Hepatozoon procyonis,-1,Sporozoan,Apicomplexa,Coccidia,Eucoccidiorida,Hepatozoidae,1,,Ewing 2003,,,,,,,,,,,,,,,,,,,,,,,,,,,,,
Iodamoeba butschlii,Iodamoeba butschlii,Iodameoba buetschlii,0,Amoeba,Amoebozoa,Archamoebae,Entamoebida,Entamoebidae,0,genus,Vaccaro 2000,gut,digestive,genus,Vaccaro 2000,,,,,,,,,,,,,,,,,,,ingestion,,Vaccaro 2000,,,,
Isospora arctopitheci,Isospora arctopitheci,Isospora arctopitheci,-1,Sporozoan,Apicomplexa,Coccidia,Eucoccidiorida,Eimeriidae,1,genus,Lindsay et al. 1997,intestinal villi (gut),digestive,genus,Fantham 1915,,,,,,,,,,no,genus,Lindsay et al. 1997,yes,genus,Lindsay et al. 1997,yes,genus,Lindsay et al. 1997,"fecal-oral, ingestion, cysts",genus,Lindsay et al. 1997,,,,
Isospora canis,Cystoisospora canis,Isospora canis,-1,Sporozoan,Apicomplexa,Coccidia,Eucoccidiorida,Eimeriidae,1,genus,Lindsay et al. 1997,intestinal villi (gut),digestive,genus,Fantham 1915,,,,,,,,,,no,genus,Lindsay et al. 1997,yes,genus,Lindsay et al. 1997,yes,genus,Lindsay et al. 1997,"fecal-oral, ingestion, cysts",genus,Lindsay et al. 1997,,,,
Isospora cebi,Isospora cebi,Isospora cebi,-1,Sporozoan,Apicomplexa,Coccidia,Eucoccidiorida,Eimeriidae,1,genus,Lindsay et al. 1997,intestinal villi (gut),digestive,genus,Fantham 1915,,,,,,,,,,no,genus,Lindsay et al. 1997,yes,genus,Lindsay et al. 1997,yes,genus,Lindsay et al. 1997,"fecal-oral, ingestion, cysts",genus,Lindsay et al. 1997,,,,
Isospora endocallimici,Isospora endocallimici,Isospora endocallimici,-1,Sporozoan,Apicomplexa,Coccidia,Eucoccidiorida,Eimeriidae,1,genus,Lindsay et al. 1997,intestinal villi (gut),digestive,genus,Fantham 1915,,,,,,,,,,no,genus,Lindsay et al. 1997,yes,genus,Lindsay et al. 1997,yes,genus,Lindsay et al. 1997,"fecal-oral, ingestion, cysts",genus,Lindsay et al. 1997,,,,
Isospora lutrae,Isospora lutrae,Isospora lutrae,-1,Sporozoan,Apicomplexa,Coccidia,Eucoccidiorida,Eimeriidae,1,genus,Lindsay et al. 1997,intestinal villi (gut),digestive,genus,Fantham 1915,,,,,,,,,,no,genus,Lindsay et al. 1997,yes,genus,Lindsay et al. 1997,yes,genus,Lindsay et al. 1997,"fecal-oral, ingestion, cysts",genus,Lindsay et al. 1997,,,,
Isospora melis,Isospora melis,Isospora melis,-1,Sporozoan,Apicomplexa,Coccidia,Eucoccidiorida,Eimeriidae,1,genus,Lindsay et al. 1997,intestinal villi (gut),digestive,genus,Fantham 1915,,,,,,,,,,no,genus,Lindsay et al. 1997,yes,genus,Lindsay et al. 1997,yes,genus,Lindsay et al. 1997,"fecal-oral, ingestion, cysts",genus,Lindsay et al. 1997,,,,
Isospora papionis,Isospora papionis,Isospora papionis,-1,Sporozoan,Apicomplexa,Coccidia,Eucoccidiorida,Eimeriidae,1,genus,Lindsay et al. 1997,intestinal villi (gut),digestive,genus,Fantham 1915,,,,,,,,,,no,genus,Lindsay et al. 1997,yes,genus,Lindsay et al. 1997,yes,genus,Lindsay et al. 1997,"fecal-oral, ingestion, cysts",genus,Lindsay et al. 1997,,,,
Isospora saimirae,Isospora saimirae,Isospora saimirae,-1,Sporozoan,Apicomplexa,Coccidia,Eucoccidiorida,Eimeriidae,1,genus,Lindsay et al. 1997,intestinal villi (gut),digestive,genus,Fantham 1915,,,,,,,,,,no,genus,Lindsay et al. 1997,yes,genus,Lindsay et al. 1997,yes,genus,Lindsay et al. 1997,"fecal-oral, ingestion, cysts",genus,Lindsay et al. 1997,,,,
Isospora sengeri,Isospora sengeri,Isospora sengeri,-1,Sporozoan,Apicomplexa,Coccidia,Eucoccidiorida,Eimeriidae,1,genus,Lindsay et al. 1997,intestinal villi (gut),digestive,genus,Fantham 1915,,,,,,,,,,no,genus,Lindsay et al. 1997,yes,genus,Lindsay et al. 1997,yes,genus,Lindsay et al. 1997,"fecal-oral, ingestion, cysts",genus,Lindsay et al. 1997,,,,
Isospora spilogales,Isospora spilogales,Isospora spilogales,-1,Sporozoan,Apicomplexa,Coccidia,Eucoccidiorida,Eimeriidae,1,genus,Lindsay et al. 1997,intestinal villi (gut),digestive,genus,Fantham 1915,,,,,,,,,,no,genus,Lindsay et al. 1997,yes,genus,Lindsay et al. 1997,yes,genus,Lindsay et al. 1997,"fecal-oral, ingestion, cysts",genus,Lindsay et al. 1997,,,,
Isospora vulpis,Isospora vulpis,Isospora vulpis,-1,Sporozoan,Apicomplexa,Coccidia,Eucoccidiorida,Eimeriidae,1,genus,Lindsay et al. 1997,intestinal villi (gut),digestive,genus,Fantham 1915,,,,,,,,,,no,genus,Lindsay et al. 1997,yes,genus,Lindsay et al. 1997,yes,genus,Lindsay et al. 1997,"fecal-oral, ingestion, cysts",genus,Lindsay et al. 1997,,,,
Leishmania braziliensis,Leishmania braziliensis,Leishmania braziliensis,0,Flagellate,Euglenozoa,Kinetoplastea,Trypanosomatida,Trypanosomatidae,1,,"Vaccaro 2000, Aikawa & Sterling 1974","skin, liver, spleen; macrophages of skin or viscera","multi: integumentary, digestive, lymphatic, immune",genus,"Vaccaro 2000, Gutteridge & Coombs 1977",tropics,genus,Gutteridge & Coombs 1977 pg. 5,,,,rodents,,Gutteridge & Coombs 1977,yes,,Gutteridge & Coombs 1977,,,,,,,,,,,,,
Leishmania chagasi,Leishmania chagasi,Leishmania chagasi,0,Flagellate,Euglenozoa,Kinetoplastea,Trypanosomatida,Trypanosomatidae,1,,"Vaccaro 2000, Aikawa & Sterling 1974","skin, liver, spleen; macrophages of skin or viscera","multi: integumentary, digestive, lymphatic, immune",genus,"Vaccaro 2000, Gutteridge & Coombs 1977",tropics,genus,Gutteridge & Coombs 1977 pg. 5,,,,,,,yes,,Gutteridge & Coombs 1977,,,,,,,,,,,,,
Leishmania donovani,Leishmania donovani,Leishmania donovani,0,Flagellate,Euglenozoa,Kinetoplastea,Trypanosomatida,Trypanosomatidae,1,,"Vaccaro 2000, Aikawa & Sterling 1974","skin, liver, spleen; macrophages of skin or viscera","multi: integumentary, digestive, lymphatic, immune",genus,"Vaccaro 2000, Gutteridge & Coombs 1977",tropics,genus,Gutteridge & Coombs 1977 pg. 5,,,,"dogs, rodents",,Gutteridge & Coombs 1977,yes,,Gutteridge & Coombs 1977,,,,,,,,,,,,,
Leishmania infantum,Leishmania infantum,Leishmania infantum,0,Flagellate,Euglenozoa,Kinetoplastea,Trypanosomatida,Trypanosomatidae,1,,"Vaccaro 2000, Aikawa & Sterling 1974","skin, liver, spleen; macrophages of skin or viscera","multi: integumentary, digestive, lymphatic, immune",genus,"Vaccaro 2000, Gutteridge & Coombs 1977",tropics,genus,Gutteridge & Coombs 1977 pg. 5,,,,,,,yes,,Gutteridge & Coombs 1977,,,,,,,,,,,,,
Leishmania shawi,Leishmania shawi,Leishmania (Viannia) shawi,1,Flagellate,Euglenozoa,Kinetoplastea,Trypanosomatida,Trypanosomatidae,1,,"Vaccaro 2000, Aikawa & Sterling 1974","skin, liver, spleen; macrophages of skin or viscera","multi: integumentary, digestive, lymphatic, immune",genus,"Vaccaro 2000, Gutteridge & Coombs 1977",tropics,genus,Gutteridge & Coombs 1977 pg. 5,,,,,,,yes,,Gutteridge & Coombs 1977,,,,,,,,,,,,,
Metadinium medium,Metadinium medium,Metadinium medium,-1,Ciliate,Ciliophora,Litostomatea,Entodiniomorphida,Ophryoscolecidae,,,,,,,,,,,,,,,,,,,,,,,,,,,,,,,,
Neospora caninum,Neospora caninum,Neospora caninum,-1,Sporozoan,Apicomplexa,Coccidia,Eucoccidiorida,Sarcocystidae,,,,,,,,,,,,,,,,,,,,,,,,,,,,,,,,
Ostracodinium gracile,Ostracodinium gracile,Ostracodinium gracile,-1,Ciliate,Ciliophora,Litostomatea,Entodiniomorphida,Ophryoscolecidae,,,,,,,,,,,,,,,,,,,,,,,,,,,,,,,,
Ostracodinium mammosum,Ostracodinium mammosum,Ostracodinium mammosum,-1,Ciliate,Ciliophora,Litostomatea,Entodiniomorphida,Ophryoscolecidae,,,,,,,,,,,,,,,,,,,,,,,,,,,,,,,,
Ostracodinium trivesiculatum,Ostracodinium trivesiculatum,Ostracodinium trivesiculatum,-1,Ciliate,Ciliophora,Litostomatea,Entodiniomorphida,Ophryoscolecidae,,,,,,,,,,,,,,,,,,,,,,,,,,,,,,,,
Paraisotricha minuta,Paraisotricha minuta,Paraisotricha minuta,-1,Ciliate,Ciliophora,Litostomatea,Vestibuliferida,Paraisotrichidae,,,,,,,,,,,,,,,,,,,,,,,,,,,,,,,,
Paraplagiopyla kiboko,Paraplagiopyla kiboko,Paraplagiopyla kiboko,-1,Ciliate,Ciliophora,Plagiopylea,Plagiopylida,Plagiopylidae,,,,,,,,,,,,,,,,,,,,,,,,,,,,,,,,
Parentodinium africanum,Parentodinium africanum,Parentodinium africanum,-1,Ciliate,Ciliophora,Litostomatea,Entodiniomorphida,Parentodiniidae,,,,,,,,,,,,,,,,,,,,,,,,,,,,,,,,
Parentodinium ostrea,Parentodinium ostrea,Parentodinium ostrea,-1,Ciliate,Ciliophora,Litostomatea,Entodiniomorphida,Parentodiniidae,,,,,,,,,,,,,,,,,,,,,,,,,,,,,,,,
Pentatrichomonas hominis,Pentatrichomonas hominis,Pentatrichomoas hominis,0,Flagellate,Metamonada,Parabasalia,Trichomonadida,Trichomonadidae,,,,,,,,,,,,,,,,,,,,,,,,,,,,,,,,
Plasmodium brasilianum,Plasmodium brasilianum,Plasmodium brasilianum,3,Sporozoan,Apicomplexa,Aconoidasida,Haemosporida,Plasmodiidae,1,species,"Vaccaro 2000, Aikawa & Sterling 1974","red blood cells, liver, CNS","multi: circulatory, digestive, nervous",genus,Vaccaro 2000,tropics,genus,Gutteridge & Coombs 1977 pg. 5,,,,,,,no,genus,Wikipedia,yes,genus,Wikipedia,yes,genus,Wikipedia,insect vector,genus,Wikipedia,,,,
Plasmodium coatneyi,Plasmodium coatneyi,Plasmodium coatneyi,-1,Sporozoan,Apicomplexa,Aconoidasida,Haemosporida,Plasmodiidae,1,species,"Vaccaro 2000, Aikawa & Sterling 1974","red blood cells, liver, CNS","multi: circulatory, digestive, nervous",genus,Vaccaro 2000,tropics,genus,Gutteridge & Coombs 1977 pg. 5,,,,,,,no,genus,Wikipedia,yes,genus,Wikipedia,yes,genus,Wikipedia,insect vector,genus,Wikipedia,,,,
Plasmodium cynomolgi,Plasmodium cynomolgi,Plasmodium cynomolgi,2,Sporozoan,Apicomplexa,Aconoidasida,Haemosporida,Plasmodiidae,1,species,"Vaccaro 2000, Aikawa & Sterling 1974","red blood cells, liver, CNS","multi: circulatory, digestive, nervous",genus,Vaccaro 2000,tropics,genus,Gutteridge & Coombs 1977 pg. 5,,,,,,,no,genus,Wikipedia,yes,genus,Wikipedia,yes,genus,Wikipedia,insect vector,genus,Wikipedia,,,,
Plasmodium eylesi,Plasmodium eylesi,Plasmodium eylesi,-1,Sporozoan,Apicomplexa,Aconoidasida,Haemosporida,Plasmodiidae,1,species,"Vaccaro 2000, Aikawa & Sterling 1974","red blood cells, liver, CNS","multi: circulatory, digestive, nervous",genus,Vaccaro 2000,tropics,genus,Gutteridge & Coombs 1977 pg. 5,,,,,,,no,genus,Wikipedia,yes,genus,Wikipedia,yes,genus,Wikipedia,insect vector,genus,Wikipedia,,,,
Plasmodium falciparum,Plasmodium falciparum,Plasmodium falciparum,0,Sporozoan,Apicomplexa,Aconoidasida,Haemosporida,Plasmodiidae,1,species,"Vaccaro 2000, Aikawa & Sterling 1974","red blood cells, liver, CNS","multi: circulatory, digestive, nervous",genus,Vaccaro 2000,tropics,genus,Gutteridge & Coombs 1977 pg. 5,,,,,,,no,genus,Wikipedia,yes,genus,Wikipedia,yes,genus,Wikipedia,insect vector,genus,Wikipedia,,,,
Plasmodium fieldi,Plasmodium fieldi,Plasmodium fieldi,-1,Sporozoan,Apicomplexa,Aconoidasida,Haemosporida,Plasmodiidae,1,species,"Vaccaro 2000, Aikawa & Sterling 1974","red blood cells, liver, CNS","multi: circulatory, digestive, nervous",genus,Vaccaro 2000,tropics,genus,Gutteridge & Coombs 1977 pg. 5,,,,,,,no,genus,Wikipedia,yes,genus,Wikipedia,yes,genus,Wikipedia,insect vector,genus,Wikipedia,,,,
Plasmodium fragile,Plasmodium fragile,Plasmodium fragile,-1,Sporozoan,Apicomplexa,Aconoidasida,Haemosporida,Plasmodiidae,1,species,"Vaccaro 2000, Aikawa & Sterling 1974","red blood cells, liver, CNS","multi: circulatory, digestive, nervous",genus,Vaccaro 2000,tropics,genus,Gutteridge & Coombs 1977 pg. 5,,,,,,,no,genus,Wikipedia,yes,genus,Wikipedia,yes,genus,Wikipedia,insect vector,genus,Wikipedia,,,,
Plasmodium gaboni,Plasmodium gaboni,Plasmodium gaboni,-1,Sporozoan,Apicomplexa,Aconoidasida,Haemosporida,Plasmodiidae,1,species,"Vaccaro 2000, Aikawa & Sterling 1974","red blood cells, liver, CNS","multi: circulatory, digestive, nervous",genus,Vaccaro 2000,tropics,genus,Gutteridge & Coombs 1977 pg. 5,,,,,,,no,genus,Wikipedia,yes,genus,Wikipedia,yes,genus,Wikipedia,insect vector,genus,Wikipedia,,,,
Plasmodium georgesi,Plasmodium georgesi,Plasmodium georgesi,-1,Sporozoan,Apicomplexa,Aconoidasida,Haemosporida,Plasmodiidae,1,species,"Vaccaro 2000, Aikawa & Sterling 1974","red blood cells, liver, CNS","multi: circulatory, digestive, nervous",genus,Vaccaro 2000,tropics,genus,Gutteridge & Coombs 1977 pg. 5,,,,,,,no,genus,Wikipedia,yes,genus,Wikipedia,yes,genus,Wikipedia,insect vector,genus,Wikipedia,,,,
Plasmodium girardi,Plasmodium girardi,Plasmodium girardi,-1,Sporozoan,Apicomplexa,Aconoidasida,Haemosporida,Plasmodiidae,1,species,"Vaccaro 2000, Aikawa & Sterling 1974","red blood cells, liver, CNS","multi: circulatory, digestive, nervous",genus,Vaccaro 2000,tropics,genus,Gutteridge & Coombs 1977 pg. 5,,,,,,,no,genus,Wikipedia,yes,genus,Wikipedia,yes,genus,Wikipedia,insect vector,genus,Wikipedia,,,,
Plasmodium gonderi,Plasmodium gonderi,Plasmodium gonderi,-1,Sporozoan,Apicomplexa,Aconoidasida,Haemosporida,Plasmodiidae,1,species,"Vaccaro 2000, Aikawa & Sterling 1974","red blood cells, liver, CNS","multi: circulatory, digestive, nervous",genus,Vaccaro 2000,tropics,genus,Gutteridge & Coombs 1977 pg. 5,,,,,,,no,genus,Wikipedia,yes,genus,Wikipedia,yes,genus,Wikipedia,insect vector,genus,Wikipedia,,,,
Plasmodium hylobati,Plasmodium hylobati,Plasmodium hylobati,-1,Sporozoan,Apicomplexa,Aconoidasida,Haemosporida,Plasmodiidae,1,species,"Vaccaro 2000, Aikawa & Sterling 1974","red blood cells, liver, CNS","multi: circulatory, digestive, nervous",genus,Vaccaro 2000,tropics,genus,Gutteridge & Coombs 1977 pg. 5,,,,,,,no,genus,Wikipedia,yes,genus,Wikipedia,yes,genus,Wikipedia,insect vector,genus,Wikipedia,,,,
Plasmodium inui,Plasmodium inui,Plasmodium inui,2,Sporozoan,Apicomplexa,Aconoidasida,Haemosporida,Plasmodiidae,1,species,"Vaccaro 2000, Aikawa & Sterling 1974","red blood cells, liver, CNS","multi: circulatory, digestive, nervous",genus,Vaccaro 2000,tropics,genus,Gutteridge & Coombs 1977 pg. 5,,,,,,,no,genus,Wikipedia,yes,genus,Wikipedia,yes,genus,Wikipedia,insect vector,genus,Wikipedia,,,,
Plasmodium jefferyi,Plasmodium jefferyi,Plasmodium jefferyi,-1,Sporozoan,Apicomplexa,Aconoidasida,Haemosporida,Plasmodiidae,1,species,"Vaccaro 2000, Aikawa & Sterling 1974","red blood cells, liver, CNS","multi: circulatory, digestive, nervous",genus,Vaccaro 2000,tropics,genus,Gutteridge & Coombs 1977 pg. 5,,,,,,,no,genus,Wikipedia,yes,genus,Wikipedia,yes,genus,Wikipedia,insect vector,genus,Wikipedia,,,,
Plasmodium knowlesi,Plasmodium knowlesi,Plasmodium knowlesi,3,Sporozoan,Apicomplexa,Aconoidasida,Haemosporida,Plasmodiidae,1,species,"Vaccaro 2000, Aikawa & Sterling 1974","red blood cells, liver, CNS","multi: circulatory, digestive, nervous",genus,Vaccaro 2000,tropics,genus,Gutteridge & Coombs 1977 pg. 5,,,,,,,no,genus,Wikipedia,yes,genus,Wikipedia,yes,genus,Wikipedia,insect vector,genus,Wikipedia,,,,
Plasmodium petersi,Plasmodium petersi,Plasmodium petersi,-1,Sporozoan,Apicomplexa,Aconoidasida,Haemosporida,Plasmodiidae,1,species,"Vaccaro 2000, Aikawa & Sterling 1974","red blood cells, liver, CNS","multi: circulatory, digestive, nervous",genus,Vaccaro 2000,tropics,genus,Gutteridge & Coombs 1977 pg. 5,,,,,,,no,genus,Wikipedia,yes,genus,Wikipedia,yes,genus,Wikipedia,insect vector,genus,Wikipedia,,,,
Plasmodium pitheci,Plasmodium pitheci,Plasmodium pitheci,-1,Sporozoan,Apicomplexa,Aconoidasida,Haemosporida,Plasmodiidae,1,species,"Vaccaro 2000, Aikawa & Sterling 1974","red blood cells, liver, CNS","multi: circulatory, digestive, nervous",genus,Vaccaro 2000,tropics,genus,Gutteridge & Coombs 1977 pg. 5,,,,,,,no,genus,Wikipedia,yes,genus,Wikipedia,yes,genus,Wikipedia,insect vector,genus,Wikipedia,,,,
Plasmodium reichenowi,Plasmodium reichenowi,Plasmodium reichenowi,-1,Sporozoan,Apicomplexa,Aconoidasida,Haemosporida,Plasmodiidae,1,species,"Vaccaro 2000, Aikawa & Sterling 1974","red blood cells, liver, CNS","multi: circulatory, digestive, nervous",genus,Vaccaro 2000,tropics,genus,Gutteridge & Coombs 1977 pg. 5,,,,,,,no,genus,Wikipedia,yes,genus,Wikipedia,yes,genus,Wikipedia,insect vector,genus,Wikipedia,,,,
Plasmodium rodhaini,Plasmodium malariae,Plasmodium malariae,-1,Sporozoan,Apicomplexa,Aconoidasida,Haemosporida,Plasmodiidae,1,species,"Vaccaro 2000, Aikawa & Sterling 1974","red blood cells, liver, CNS","multi: circulatory, digestive, nervous",genus,Vaccaro 2000,tropics,genus,Gutteridge & Coombs 1977 pg. 5,,,,,,,no,genus,Wikipedia,yes,genus,Wikipedia,yes,genus,Wikipedia,insect vector,genus,Wikipedia,,,,
Plasmodium schwetzi,Plasmodium schwetzi,Plasmodium schwetzi,-1,Sporozoan,Apicomplexa,Aconoidasida,Haemosporida,Plasmodiidae,1,species,"Vaccaro 2000, Aikawa & Sterling 1974","red blood cells, liver, CNS","multi: circulatory, digestive, nervous",genus,Vaccaro 2000,tropics,genus,Gutteridge & Coombs 1977 pg. 5,,,,,,,no,genus,Wikipedia,yes,genus,Wikipedia,yes,genus,Wikipedia,insect vector,genus,Wikipedia,,,,
Plasmodium shortii,Plasmodium shortii,Plasmodium shortii,-1,Sporozoan,Apicomplexa,Aconoidasida,Haemosporida,Plasmodiidae,1,species,"Vaccaro 2000, Aikawa & Sterling 1974","red blood cells, liver, CNS","multi: circulatory, digestive, nervous",genus,Vaccaro 2000,tropics,genus,Gutteridge & Coombs 1977 pg. 5,,,,,,,no,genus,Wikipedia,yes,genus,Wikipedia,yes,genus,Wikipedia,insect vector,genus,Wikipedia,,,,
Plasmodium simiovale,Plasmodium simiovale,Plasmodium simiovale,0,Sporozoan,Apicomplexa,Aconoidasida,Haemosporida,Plasmodiidae,1,species,"Vaccaro 2000, Aikawa & Sterling 1974","red blood cells, liver, CNS","multi: circulatory, digestive, nervous",genus,Vaccaro 2000,tropics,genus,Gutteridge & Coombs 1977 pg. 5,,,,,,,no,genus,Wikipedia,yes,genus,Wikipedia,yes,genus,Wikipedia,insect vector,genus,Wikipedia,,,,
Plasmodium simium,Plasmodium simium,Plasmodium simium,-1,Sporozoan,Apicomplexa,Aconoidasida,Haemosporida,Plasmodiidae,1,species,"Vaccaro 2000, Aikawa & Sterling 1974","red blood cells, liver, CNS","multi: circulatory, digestive, nervous",genus,Vaccaro 2000,tropics,genus,Gutteridge & Coombs 1977 pg. 5,,,,,,,no,genus,Wikipedia,yes,genus,Wikipedia,yes,genus,Wikipedia,insect vector,genus,Wikipedia,,,,
Plasmodium vivax,Plasmodium vivax,Plasmodium vivax,0,Sporozoan,Apicomplexa,Aconoidasida,Haemosporida,Plasmodiidae,1,species,"Vaccaro 2000, Aikawa & Sterling 1974","red blood cells, liver, CNS","multi: circulatory, digestive, nervous",genus,Vaccaro 2000,tropics,genus,Gutteridge & Coombs 1977 pg. 5,,,,,,,no,genus,Wikipedia,yes,genus,Wikipedia,yes,genus,Wikipedia,insect vector,genus,Wikipedia,,,,
Plasmodium youngi,Plasmodium youngi,Plasmodium youngi,-1,Sporozoan,Apicomplexa,Aconoidasida,Haemosporida,Plasmodiidae,1,species,"Vaccaro 2000, Aikawa & Sterling 1974","red blood cells, liver, CNS","multi: circulatory, digestive, nervous",genus,Vaccaro 2000,tropics,genus,Gutteridge & Coombs 1977 pg. 5,,,,,,,no,genus,Wikipedia,yes,genus,Wikipedia,yes,genus,Wikipedia,insect vector,genus,Wikipedia,,,,
Polyplastron multivesiculatum,Polyplastron multivesiculatum,Polyplastron multivesiculatum,-1,Ciliate,Ciliophora,Litostomatea,Entodiniomorphida,Ophryoscolecidae,,,,,,,,widespread,,Dufour,,,,,,,,,,,,,,,,,,,,,,
Prototapirella gorillae,Prototapirella gorillae,Prototapirella gorillae,-1,Ciliate,Ciliophora,Litostomatea,Entodiniomorphida,Cycloposthiidae,,,,,,,,,,,,,,,,,,,,,,,,,,,,,,,,
Retortamonas intestinalis,Retortamonas intestinalis,Retortamonas intestinalis,0,Flagellate,Metamonada,Eopharyngia,Retortamonadida,Retortamonadidae,,,,,,,,,,,,,,,,,,,,,,,,,,,,,,,,
Sarcocystis alces,Sarcocystis alces,Sarcoystis alces n sp.,-1,Sporozoan,Apicomplexa,Coccidia,Eucoccidiorida,Sarcocystidae,1,genus,Aikawa & Sterling 1974 pg. 42,"muscles, gut","muscular, digestive",genus,"Aikawa & Sterling 1974 pg. 42, Wikipedia",,,,yes,genus,Wikipedia,,,,no,genus,Wikipedia,yes,genus,Aikawa & Sterling 1974 pg. 42,yes,genus,Wikipedia,"fecal-oral, ingestion, predator-prey",genus,Wikipedia,,,,
Sarcocystis alceslatrans,Sarcocystis alceslatrans,Sarcocystis alceslatrans,-1,Sporozoan,Apicomplexa,Coccidia,Eucoccidiorida,Sarcocystidae,1,genus,Aikawa & Sterling 1974 pg. 42,"muscles, gut","muscular, digestive",genus,"Aikawa & Sterling 1974 pg. 42, Wikipedia",,,,yes,genus,Wikipedia,,,,no,genus,Wikipedia,yes,genus,Aikawa & Sterling 1974 pg. 42,yes,genus,Wikipedia,"fecal-oral, ingestion, predator-prey",genus,Wikipedia,,,,
Sarcocystis americana,Sarcocystis americana,Sarcocystis americana,-1,Sporozoan,Apicomplexa,Coccidia,Eucoccidiorida,Sarcocystidae,1,genus,Aikawa & Sterling 1974 pg. 42,"muscles, gut","muscular, digestive",genus,"Aikawa & Sterling 1974 pg. 42, Wikipedia",,,,yes,genus,Wikipedia,,,,no,genus,Wikipedia,yes,genus,Aikawa & Sterling 1974 pg. 42,yes,genus,Wikipedia,"fecal-oral, ingestion, predator-prey",genus,Wikipedia,,,,
Sarcocystis arctosi,Sarcocystis arctosi,Sarcocystis arctosi,-1,Sporozoan,Apicomplexa,Coccidia,Eucoccidiorida,Sarcocystidae,1,genus,Aikawa & Sterling 1974 pg. 42,"muscles, gut","muscular, digestive",genus,"Aikawa & Sterling 1974 pg. 42, Wikipedia",widespread,,Dufour,yes,genus,Wikipedia,,,,no,genus,Wikipedia,yes,genus,Aikawa & Sterling 1974 pg. 42,yes,genus,Wikipedia,"fecal-oral, ingestion, predator-prey",genus,Wikipedia,,,,
Sarcocystis arieticanis,Sarcocystis arieticanis,Sarcocystis arieticanus,-1,Sporozoan,Apicomplexa,Coccidia,Eucoccidiorida,Sarcocystidae,1,genus,Aikawa & Sterling 1974 pg. 42,"muscles, gut","muscular, digestive",genus,"Aikawa & Sterling 1974 pg. 42, Wikipedia",,,,yes,genus,Wikipedia,,,,no,genus,Wikipedia,yes,genus,Aikawa & Sterling 1974 pg. 42,yes,genus,Wikipedia,"fecal-oral, ingestion, predator-prey",genus,Wikipedia,,,,
Sarcocystis axicuonis,Sarcocystis axicuonis,Sarcocystis axicuonis,-1,Sporozoan,Apicomplexa,Coccidia,Eucoccidiorida,Sarcocystidae,1,genus,Aikawa & Sterling 1974 pg. 42,"muscles, gut","muscular, digestive",genus,"Aikawa & Sterling 1974 pg. 42, Wikipedia",,,,yes,genus,Wikipedia,,,,no,genus,Wikipedia,yes,genus,Aikawa & Sterling 1974 pg. 42,yes,genus,Wikipedia,"fecal-oral, ingestion, predator-prey",genus,Wikipedia,,,,
Sarcocystis camelopardalis,Sarcocystis camelopardalis,Sarcocystis camelopardalis,-1,Sporozoan,Apicomplexa,Coccidia,Eucoccidiorida,Sarcocystidae,1,genus,Aikawa & Sterling 1974 pg. 42,"muscles, gut","muscular, digestive",genus,"Aikawa & Sterling 1974 pg. 42, Wikipedia",,,,yes,genus,Wikipedia,,,,no,genus,Wikipedia,yes,genus,Aikawa & Sterling 1974 pg. 42,yes,genus,Wikipedia,"fecal-oral, ingestion, predator-prey",genus,Wikipedia,,,,
Sarcocystis capracanis,Sarcocystis capracanis,Sarcocystis capracanis,-1,Sporozoan,Apicomplexa,Coccidia,Eucoccidiorida,Sarcocystidae,1,genus,Aikawa & Sterling 1974 pg. 42,"muscles, gut","muscular, digestive",genus,"Aikawa & Sterling 1974 pg. 42, Wikipedia",,,,yes,genus,Wikipedia,,,,no,genus,Wikipedia,yes,genus,Aikawa & Sterling 1974 pg. 42,yes,genus,Wikipedia,"fecal-oral, ingestion, predator-prey",genus,Wikipedia,,,,
Sarcocystis capreolicanis,Sarcocystis capreolicanis,Sarcocystis capreolicanis,-1,Sporozoan,Apicomplexa,Coccidia,Eucoccidiorida,Sarcocystidae,1,genus,Aikawa & Sterling 1974 pg. 42,"muscles, gut","muscular, digestive",genus,"Aikawa & Sterling 1974 pg. 42, Wikipedia",,,,yes,genus,Wikipedia,,,,no,genus,Wikipedia,yes,genus,Aikawa & Sterling 1974 pg. 42,yes,genus,Wikipedia,"fecal-oral, ingestion, predator-prey",genus,Wikipedia,,,,
Sarcocystis danzani,Sarcocystis danzani,Sarcocystis danzani,-1,Sporozoan,Apicomplexa,Coccidia,Eucoccidiorida,Sarcocystidae,1,genus,Aikawa & Sterling 1974 pg. 42,"muscles, gut","muscular, digestive",genus,"Aikawa & Sterling 1974 pg. 42, Wikipedia",,,,yes,genus,Wikipedia,,,,no,genus,Wikipedia,yes,genus,Aikawa & Sterling 1974 pg. 42,yes,genus,Wikipedia,"fecal-oral, ingestion, predator-prey",genus,Wikipedia,,,,
Sarcocystis dubeyella,Sarcocystis dubeyella,Sarcocystis dubeyella,-1,Sporozoan,Apicomplexa,Coccidia,Eucoccidiorida,Sarcocystidae,1,genus,Aikawa & Sterling 1974 pg. 42,"muscles, gut","muscular, digestive",genus,"Aikawa & Sterling 1974 pg. 42, Wikipedia",,,,yes,genus,Wikipedia,,,,no,genus,Wikipedia,yes,genus,Aikawa & Sterling 1974 pg. 42,yes,genus,Wikipedia,"fecal-oral, ingestion, predator-prey",genus,Wikipedia,,,,
Sarcocystis elegans,Sarcocystis elegans,Sarcocystis elegans,-1,Sporozoan,Apicomplexa,Coccidia,Eucoccidiorida,Sarcocystidae,1,genus,Aikawa & Sterling 1974 pg. 42,"muscles, gut","muscular, digestive",genus,"Aikawa & Sterling 1974 pg. 42, Wikipedia",,,,yes,genus,Wikipedia,,,,no,genus,Wikipedia,yes,genus,Aikawa & Sterling 1974 pg. 42,yes,genus,Wikipedia,"fecal-oral, ingestion, predator-prey",genus,Wikipedia,,,,
Sarcocystis felis,Sarcocystis felis,Sarcocystis felis,-1,Sporozoan,Apicomplexa,Coccidia,Eucoccidiorida,Sarcocystidae,1,genus,Aikawa & Sterling 1974 pg. 42,"muscles, gut","muscular, digestive",genus,"Aikawa & Sterling 1974 pg. 42, Wikipedia",,,,yes,genus,Wikipedia,,,,no,genus,Wikipedia,yes,genus,Aikawa & Sterling 1974 pg. 42,yes,genus,Wikipedia,"fecal-oral, ingestion, predator-prey",genus,Wikipedia,,,,
Sarcocystis fusiformis,Sarcocystis fusiformis,Sarcocystis fusiformis,-1,Sporozoan,Apicomplexa,Coccidia,Eucoccidiorida,Sarcocystidae,1,genus,Aikawa & Sterling 1974 pg. 42,"muscles, gut","muscular, digestive",genus,"Aikawa & Sterling 1974 pg. 42, Wikipedia",,,,yes,genus,Wikipedia,,,,no,genus,Wikipedia,yes,genus,Aikawa & Sterling 1974 pg. 42,yes,genus,Wikipedia,"fecal-oral, ingestion, predator-prey",genus,Wikipedia,,,,
Sarcocystis gazellae,Sarcocystis gazellae,Sarcocystis gazellae,-1,Sporozoan,Apicomplexa,Coccidia,Eucoccidiorida,Sarcocystidae,1,genus,Aikawa & Sterling 1974 pg. 42,"muscles, gut","muscular, digestive",genus,"Aikawa & Sterling 1974 pg. 42, Wikipedia",,,,yes,genus,Wikipedia,,,,no,genus,Wikipedia,yes,genus,Aikawa & Sterling 1974 pg. 42,yes,genus,Wikipedia,"fecal-oral, ingestion, predator-prey",genus,Wikipedia,,,,
Sarcocystis giraffae,Sarcocystis giraffae,Sarcocystis giraffae,-1,Sporozoan,Apicomplexa,Coccidia,Eucoccidiorida,Sarcocystidae,1,genus,Aikawa & Sterling 1974 pg. 42,"muscles, gut","muscular, digestive",genus,"Aikawa & Sterling 1974 pg. 42, Wikipedia",,,,yes,genus,Wikipedia,,,,no,genus,Wikipedia,yes,genus,Aikawa & Sterling 1974 pg. 42,yes,genus,Wikipedia,"fecal-oral, ingestion, predator-prey",genus,Wikipedia,,,,
Sarcocystis grueneri,Sarcocystis grueneri,Sarcocystis grueneri,-1,Sporozoan,Apicomplexa,Coccidia,Eucoccidiorida,Sarcocystidae,1,genus,Aikawa & Sterling 1974 pg. 42,"muscles, gut","muscular, digestive",genus,"Aikawa & Sterling 1974 pg. 42, Wikipedia",,,,yes,genus,Wikipedia,,,,no,genus,Wikipedia,yes,genus,Aikawa & Sterling 1974 pg. 42,yes,genus,Wikipedia,"fecal-oral, ingestion, predator-prey",genus,Wikipedia,,,,
Sarcocystis hardangeri,Sarcocystis hardangeri,Sarcocystis hardangeri,-1,Sporozoan,Apicomplexa,Coccidia,Eucoccidiorida,Sarcocystidae,1,genus,Aikawa & Sterling 1974 pg. 42,"muscles, gut","muscular, digestive",genus,"Aikawa & Sterling 1974 pg. 42, Wikipedia",,,,yes,genus,Wikipedia,,,,no,genus,Wikipedia,yes,genus,Aikawa & Sterling 1974 pg. 42,yes,genus,Wikipedia,"fecal-oral, ingestion, predator-prey",genus,Wikipedia,,,,
Sarcocystis hemioni,Sarcocystis hemioni,Sarcocystis hemioni,-1,Sporozoan,Apicomplexa,Coccidia,Eucoccidiorida,Sarcocystidae,1,genus,Aikawa & Sterling 1974 pg. 42,"muscles, gut","muscular, digestive",genus,"Aikawa & Sterling 1974 pg. 42, Wikipedia",,,,yes,genus,Wikipedia,,,,no,genus,Wikipedia,yes,genus,Aikawa & Sterling 1974 pg. 42,yes,genus,Wikipedia,"fecal-oral, ingestion, predator-prey",genus,Wikipedia,,,,
Sarcocystis hemionilatrantis,Sarcocystis hemionilatrantis,Sarcocystis hemionilatrantis,-1,Sporozoan,Apicomplexa,Coccidia,Eucoccidiorida,Sarcocystidae,1,genus,Aikawa & Sterling 1974 pg. 42,"muscles, gut","muscular, digestive",genus,"Aikawa & Sterling 1974 pg. 42, Wikipedia",,,,yes,genus,Wikipedia,,,,no,genus,Wikipedia,yes,genus,Aikawa & Sterling 1974 pg. 42,yes,genus,Wikipedia,"fecal-oral, ingestion, predator-prey",genus,Wikipedia,,,,
Sarcocystis hominis,Sarcocystis hominis,Sarcocystis hominis,1,Sporozoan,Apicomplexa,Coccidia,Eucoccidiorida,Sarcocystidae,1,genus,Aikawa & Sterling 1974 pg. 42,"muscles, gut","muscular, digestive",genus,"Aikawa & Sterling 1974 pg. 42, Wikipedia",,,,yes,genus,Wikipedia,,,,no,genus,Wikipedia,yes,genus,Aikawa & Sterling 1974 pg. 42,yes,genus,Wikipedia,"fecal-oral, ingestion, predator-prey",genus,Wikipedia,,,,
Sarcocystis kirkpatricki,Sarcocystis kirkpatricki,Sarcocystis kirkpatricki,-1,Sporozoan,Apicomplexa,Coccidia,Eucoccidiorida,Sarcocystidae,1,genus,Aikawa & Sterling 1974 pg. 42,"muscles, gut","muscular, digestive",genus,"Aikawa & Sterling 1974 pg. 42, Wikipedia",,,,yes,genus,Wikipedia,,,,no,genus,Wikipedia,yes,genus,Aikawa & Sterling 1974 pg. 42,yes,genus,Wikipedia,"fecal-oral, ingestion, predator-prey",genus,Wikipedia,,,,
Sarcocystis klaseriensis,Sarcocystis klaseriensis,Sarcocystis klaseriensis,-1,Sporozoan,Apicomplexa,Coccidia,Eucoccidiorida,Sarcocystidae,1,genus,Aikawa & Sterling 1974 pg. 42,"muscles, gut","muscular, digestive",genus,"Aikawa & Sterling 1974 pg. 42, Wikipedia",,,,yes,genus,Wikipedia,,,,no,genus,Wikipedia,yes,genus,Aikawa & Sterling 1974 pg. 42,yes,genus,Wikipedia,"fecal-oral, ingestion, predator-prey",genus,Wikipedia,,,,
Sarcocystis melampi,Sarcocystis melampi,Sarcocystis melampi,-1,Sporozoan,Apicomplexa,Coccidia,Eucoccidiorida,Sarcocystidae,1,genus,Aikawa & Sterling 1974 pg. 42,"muscles, gut","muscular, digestive",genus,"Aikawa & Sterling 1974 pg. 42, Wikipedia",,,,yes,genus,Wikipedia,,,,no,genus,Wikipedia,yes,genus,Aikawa & Sterling 1974 pg. 42,yes,genus,Wikipedia,"fecal-oral, ingestion, predator-prey",genus,Wikipedia,,,,
Sarcocystis mephitisi,Sarcocystis mephitisi,Sarcocystis mephitisi,-1,Sporozoan,Apicomplexa,Coccidia,Eucoccidiorida,Sarcocystidae,1,genus,Aikawa & Sterling 1974 pg. 42,"muscles, gut","muscular, digestive",genus,"Aikawa & Sterling 1974 pg. 42, Wikipedia",,,,yes,genus,Wikipedia,,,,no,genus,Wikipedia,yes,genus,Aikawa & Sterling 1974 pg. 42,yes,genus,Wikipedia,"fecal-oral, ingestion, predator-prey",genus,Wikipedia,,,,
Sarcocystis mongolica,Sarcocystis mongolica,Sarcocystis mongolica,-1,Sporozoan,Apicomplexa,Coccidia,Eucoccidiorida,Sarcocystidae,1,genus,Aikawa & Sterling 1974 pg. 42,"muscles, gut","muscular, digestive",genus,"Aikawa & Sterling 1974 pg. 42, Wikipedia",,,,yes,genus,Wikipedia,,,,no,genus,Wikipedia,yes,genus,Aikawa & Sterling 1974 pg. 42,yes,genus,Wikipedia,"fecal-oral, ingestion, predator-prey",genus,Wikipedia,,,,
Sarcocystis neurona,Sarcocystis neurona,Sarcocystis neurona,-1,Sporozoan,Apicomplexa,Coccidia,Eucoccidiorida,Sarcocystidae,1,genus,Aikawa & Sterling 1974 pg. 42,"muscles, gut","muscular, digestive",genus,"Aikawa & Sterling 1974 pg. 42, Wikipedia",,,,yes,genus,Wikipedia,,,,no,genus,Wikipedia,yes,genus,Aikawa & Sterling 1974 pg. 42,yes,genus,Wikipedia,"fecal-oral, ingestion, predator-prey",genus,Wikipedia,,,,
Sarcocystis odocoileocanis,Sarcocystis odocoileocanis,Sarcocystis odocoileocanis,-1,Sporozoan,Apicomplexa,Coccidia,Eucoccidiorida,Sarcocystidae,1,genus,Aikawa & Sterling 1974 pg. 42,"muscles, gut","muscular, digestive",genus,"Aikawa & Sterling 1974 pg. 42, Wikipedia",,,,yes,genus,Wikipedia,,,,no,genus,Wikipedia,yes,genus,Aikawa & Sterling 1974 pg. 42,yes,genus,Wikipedia,"fecal-oral, ingestion, predator-prey",genus,Wikipedia,,,,
Sarcocystis ovalis,Sarcocystis ovalis,Sarcocystis ovalis n. sp.,-1,Sporozoan,Apicomplexa,Coccidia,Eucoccidiorida,Sarcocystidae,1,genus,Aikawa & Sterling 1974 pg. 42,"muscles, gut","muscular, digestive",genus,"Aikawa & Sterling 1974 pg. 42, Wikipedia",,,,yes,genus,Wikipedia,,,,no,genus,Wikipedia,yes,genus,Aikawa & Sterling 1974 pg. 42,yes,genus,Wikipedia,"fecal-oral, ingestion, predator-prey",genus,Wikipedia,,,,
Sarcocystis phacochoeri,Sarcocystis phacochoeri,Sarcocystis phacochoeri,-1,Sporozoan,Apicomplexa,Coccidia,Eucoccidiorida,Sarcocystidae,1,genus,Aikawa & Sterling 1974 pg. 42,"muscles, gut","muscular, digestive",genus,"Aikawa & Sterling 1974 pg. 42, Wikipedia",,,,yes,genus,Wikipedia,,,,no,genus,Wikipedia,yes,genus,Aikawa & Sterling 1974 pg. 42,yes,genus,Wikipedia,"fecal-oral, ingestion, predator-prey",genus,Wikipedia,,,,
Sarcocystis rangi,Sarcocystis rangi,Sarcosystis rangi,-1,Sporozoan,Apicomplexa,Coccidia,Eucoccidiorida,Sarcocystidae,1,genus,Aikawa & Sterling 1974 pg. 42,"muscles, gut","muscular, digestive",genus,"Aikawa & Sterling 1974 pg. 42, Wikipedia",,,,yes,genus,Wikipedia,,,,no,genus,Wikipedia,yes,genus,Aikawa & Sterling 1974 pg. 42,yes,genus,Wikipedia,"fecal-oral, ingestion, predator-prey",genus,Wikipedia,,,,
Sarcocystis scandinavica,Sarcocystis scandinavica,Sarcocystis scandinavia n. sp.,-1,Sporozoan,Apicomplexa,Coccidia,Eucoccidiorida,Sarcocystidae,1,genus,Aikawa & Sterling 1974 pg. 42,"muscles, gut","muscular, digestive",genus,"Aikawa & Sterling 1974 pg. 42, Wikipedia",,,,yes,genus,Wikipedia,,,,no,genus,Wikipedia,yes,genus,Aikawa & Sterling 1974 pg. 42,yes,genus,Wikipedia,"fecal-oral, ingestion, predator-prey",genus,Wikipedia,,,,
Sarcocystis sebeki,Sarcocystis sebeki,Sarcocystis sebeki,-1,Sporozoan,Apicomplexa,Coccidia,Eucoccidiorida,Sarcocystidae,1,genus,Aikawa & Sterling 1974 pg. 42,"muscles, gut","muscular, digestive",genus,"Aikawa & Sterling 1974 pg. 42, Wikipedia",,,,yes,genus,Wikipedia,,,,no,genus,Wikipedia,yes,genus,Aikawa & Sterling 1974 pg. 42,yes,genus,Wikipedia,"fecal-oral, ingestion, predator-prey",genus,Wikipedia,,,,
Sarcocystis tarandivulpes,Sarcocystis tarandivulpes,Sarcocystis tarandivulpes,-1,Sporozoan,Apicomplexa,Coccidia,Eucoccidiorida,Sarcocystidae,1,genus,Aikawa & Sterling 1974 pg. 42,"muscles, gut","muscular, digestive",genus,"Aikawa & Sterling 1974 pg. 42, Wikipedia",,,,yes,genus,Wikipedia,,,,no,genus,Wikipedia,yes,genus,Aikawa & Sterling 1974 pg. 42,yes,genus,Wikipedia,"fecal-oral, ingestion, predator-prey",genus,Wikipedia,,,,
Sarcocystis ursusi,Sarcocystis ursusi,Sarcocystis ursusi,-1,Sporozoan,Apicomplexa,Coccidia,Eucoccidiorida,Sarcocystidae,1,genus,Aikawa & Sterling 1974 pg. 42,"muscles, gut","muscular, digestive",genus,"Aikawa & Sterling 1974 pg. 42, Wikipedia",,,,yes,genus,Wikipedia,,,,no,genus,Wikipedia,yes,genus,Aikawa & Sterling 1974 pg. 42,yes,genus,Wikipedia,"fecal-oral, ingestion, predator-prey",genus,Wikipedia,,,,
Sarcocystis woodhousei,Sarcocystis woodhousei,Sarcocystis woodhousei,-1,Sporozoan,Apicomplexa,Coccidia,Eucoccidiorida,Sarcocystidae,1,genus,Aikawa & Sterling 1974 pg. 42,"muscles, gut","muscular, digestive",genus,"Aikawa & Sterling 1974 pg. 42, Wikipedia",,,,yes,genus,Wikipedia,,,,no,genus,Wikipedia,yes,genus,Aikawa & Sterling 1974 pg. 42,yes,genus,Wikipedia,"fecal-oral, ingestion, predator-prey",genus,Wikipedia,,,,
Sarcocystis youngi,Sarcocystis youngi,Sarcocystis youngi,-1,Sporozoan,Apicomplexa,Coccidia,Eucoccidiorida,Sarcocystidae,1,genus,Aikawa & Sterling 1974 pg. 42,"muscles, gut","muscular, digestive",genus,"Aikawa & Sterling 1974 pg. 42, Wikipedia",,,,yes,genus,Wikipedia,,,,no,genus,Wikipedia,yes,genus,Aikawa & Sterling 1974 pg. 42,yes,genus,Wikipedia,"fecal-oral, ingestion, predator-prey",genus,Wikipedia,,,,
Spirodinium equi,Spirodinium equi,Spirodinium equi,-1,Ciliate,Ciliophora,Litostomatea,Entodiniomorphida,Spirodiniidae,,,,,,,,,,,,,,,,,,,,,,,,,,,,,,,,
Tetratoxum parvum,Tetratoxum parvum,Tetratoxum parvum,-1,Ciliate,Ciliophora,Litostomatea,Entodiniomorphida,Ditoxidae,,,,,,,,,,,,,,,,,,,,,,,,,,,,,,,,
Tetratoxum unifasciculatum,Tetratoxum unifasciculatum,Tetratoxum unifasculatum,-1,Ciliate,Ciliophora,Litostomatea,Entodiniomorphida,Ditoxidae,,,,,,,,,,,,,,,,,,,,,,,,,,,,,,,,
Theileria annae,Theileria annae,Theileria annae,-1,Sporozoan,Apicomplexa,Aconoidasida,Piroplasmida,Theileriidae,1,,Aikawa & Sterling 1974,"red blood cells, lymphocytes, phagocytes",circulatory,genus,Aikawa & Sterling 1974,worldwide,genus,Gutteridge & Coombs 1977 pg. 5,,,,,,,no,genus,Wikipedia,no,genus,Wikipedia,yes,genus,Wikipedia,tick,genus,Aikawa & Sterling 1974,,,,
Theileria bicornis,Theileria bicornis,Theileria bicornis,-1,Sporozoan,Apicomplexa,Aconoidasida,Piroplasmida,Theileriidae,1,,Aikawa & Sterling 1974,"red blood cells, lymphocytes, phagocytes",circulatory,genus,Aikawa & Sterling 1974,worldwide,genus,Gutteridge & Coombs 1977 pg. 5,,,,,,,no,genus,Wikipedia,no,genus,Wikipedia,yes,genus,Wikipedia,tick,genus,Aikawa & Sterling 1974,,,,
Theileria buffeli,Theileria buffeli,Theileria buffeli,-1,Sporozoan,Apicomplexa,Aconoidasida,Piroplasmida,Theileriidae,1,,Aikawa & Sterling 1974,"red blood cells, lymphocytes, phagocytes",circulatory,genus,Aikawa & Sterling 1974,worldwide,genus,Gutteridge & Coombs 1977 pg. 5,,,,,,,no,genus,Wikipedia,no,genus,Wikipedia,yes,genus,Wikipedia,tick,genus,Aikawa & Sterling 1974,,,,
Theileria cervi,Theileria cervi,Theileria cervi,-1,Sporozoan,Apicomplexa,Aconoidasida,Piroplasmida,Theileriidae,1,,Aikawa & Sterling 1974,"red blood cells, lymphocytes, phagocytes",circulatory,genus,Aikawa & Sterling 1974,worldwide,genus,Gutteridge & Coombs 1977 pg. 5,,,,,,,no,genus,Wikipedia,no,genus,Wikipedia,yes,genus,Wikipedia,tick,genus,Aikawa & Sterling 1974,,,,
Theileria mutans,Theileria mutans,Theileria mutans,-1,Sporozoan,Apicomplexa,Aconoidasida,Piroplasmida,Theileriidae,1,,Aikawa & Sterling 1974,"red blood cells, lymphocytes, phagocytes",circulatory,genus,Aikawa & Sterling 1974,worldwide,genus,Gutteridge & Coombs 1977 pg. 5,,,,,,,no,genus,Wikipedia,no,genus,Wikipedia,yes,genus,Wikipedia,tick,genus,Aikawa & Sterling 1974,,,,
Theileria parva,Theileria parva,Theileria parva,-1,Sporozoan,Apicomplexa,Aconoidasida,Piroplasmida,Theileriidae,1,,Aikawa & Sterling 1974,"red blood cells, lymphocytes, phagocytes",circulatory,genus,Aikawa & Sterling 1974,worldwide,genus,Gutteridge & Coombs 1977 pg. 5,yes,species,Gutteridge & Coombs 1977,cattle,species,Gutteridge & Coombs 1977,no,genus,Wikipedia,no,genus,Wikipedia,yes,genus,Wikipedia,tick,genus,Aikawa & Sterling 1974,,,,
Toxoplasma gondii,Toxoplasma gondii,Toxoplasma gondii (IgG),3,Sporozoan,Apicomplexa,Coccidia,Eucoccidiorida,Sarcocystidae,1,species,"Vaccaro 2000, Aikawa & Sterling 1975 pg. 5","all cells, CNS",nervous,species?,Vaccaro 2000,worldwide,,Gutteridge & Coombs 1977,yes,species,Wikipedia,cat,species,Wikipedia,,,,yes,species,Gutteridge & Coombs 1977,,,,ingestion,species,Vaccaro 2000,,,,
Triadinium galea,Triadinium galea,Trinidium galea,-1,Ciliate,Ciliophora,Litostomatea,Entodiniomorphida,Spirodiniidae,,,,,,,,,,,,,,,,,,,,,,,,,,,,,,,,
Trichomonas intestinalis,Trichomonas intestinalis,Trichomonas intestinalis,0,Flagellate,Metamonada,Parabasalia,Trichomonadida,Trichomonadidae,0,genus,Vaccaro 2000,"GU, gut, mouth",digestive,genus,"Vaccaro 2000, Gutteridge & Coombs 1977",worldwide,genus,Gutteridge & Coombs 1977 pg. 5,,,,,,,yes,,Gutteridge & Coombs 1977,,,,,,,direct contact,,Vaccaro 2000,,,,
Troglocorys cava,Troglocorys cava,Troglocorys cava,-1,Ciliate,Ciliophora,Litostomatea,Entodiniomorphida,Blepharocorythidae,,,,,,,,,,,,,,,,,,,,,,,,,,,,,,,,
Troglodytella abrassarti,Troglodytella abrassarti,Troglodytella abrassarti,-1,Ciliate,Ciliophora,Litostomatea,Entodiniomorphida,Troglodytellidae,,,,,,,,,,,,,,,,,,,,,,,,,,,,,,,,
Trypanosoma brimonti,Trypanosoma brimonti,Trypanosoma  brimonti,-1,Flagellate,Euglenozoa,Kinetoplastea,Trypanosomatida,Trypanosomatidae,0,genus,Vaccaro 2000,"blood, muscle of heart and gut","circulatory, muscular, digestive",genus,"Vaccaro 2000, Gutteridge & Coombs 1977","tropics, South America",genus,Gutteridge & Coombs 1977 pg. 5,,,,,,,yes,genus,"Aikawa & Sterling 1974, Gutteridge & Coombs 1977",no,genus,CDC,no,genus,Gibson 2001,insect vector,genus,Wikipedia,,,,
Trypanosoma brucei,Trypanosoma brucei,Trypanosoma brucei brucei,1,Flagellate,Euglenozoa,Kinetoplastea,Trypanosomatida,Trypanosomatidae,0,genus,Vaccaro 2000,"blood, muscle of heart and gut","circulatory, muscular, digestive",genus,"Vaccaro 2000, Gutteridge & Coombs 1977","tropics, South America",genus,Gutteridge & Coombs 1977 pg. 5,yes,species,Gutteridge & Coombs 1977,"game animals, cattle",species,Gutteridge & Coombs 1977,yes,genus,"Aikawa & Sterling 1974, Gutteridge & Coombs 1977",no,genus,CDC,yes,species,Gibson 2001,insect vector,genus,Wikipedia,,,,
Trypanosoma cervi,Trypanosoma cervi,Trypanosoma cervi,-1,Flagellate,Euglenozoa,Kinetoplastea,Trypanosomatida,Trypanosomatidae,0,genus,Vaccaro 2000,"blood, muscle of heart and gut","circulatory, muscular, digestive",genus,"Vaccaro 2000, Gutteridge & Coombs 1977","tropics, South America",genus,Gutteridge & Coombs 1977 pg. 5,,,,,,,yes,genus,"Aikawa & Sterling 1974, Gutteridge & Coombs 1977",no,genus,CDC,no,genus,Gibson 2001,insect vector,genus,Wikipedia,,,,
Trypanosoma congolense,Trypanosoma congolense,Trypanosoma congolense,-1,Flagellate,Euglenozoa,Kinetoplastea,Trypanosomatida,Trypanosomatidae,0,genus,Vaccaro 2000,"blood, muscle of heart and gut","circulatory, muscular, digestive",genus,"Vaccaro 2000, Gutteridge & Coombs 1977","tropics, South America",genus,Gutteridge & Coombs 1977 pg. 5,yes,species,Gutteridge & Coombs 1977,"game animals, cattle",species,Gutteridge & Coombs 1977,yes,genus,"Aikawa & Sterling 1974, Gutteridge & Coombs 1977",no,genus,CDC,no,genus,Gibson 2001,insect vector,genus,Wikipedia,,,,
Trypanosoma cruzi,Trypanosoma cruzi,Trypanosomes cruzi,3,Flagellate,Euglenozoa,Kinetoplastea,Trypanosomatida,Trypanosomatidae,0,genus,Vaccaro 2000,"blood, muscle of heart and gut","circulatory, muscular, digestive",genus,"Vaccaro 2000, Gutteridge & Coombs 1977","tropics, South America",genus,Gutteridge & Coombs 1977 pg. 5,,,,,,,yes,genus,"Aikawa & Sterling 1974, Gutteridge & Coombs 1977",no,species,CDC,no,genus,Gibson 2001,insect vector,genus,Wikipedia,,,,
Trypanosoma cyclops,Trypanosoma cyclops,Trypanosoma cyclops,-1,Flagellate,Euglenozoa,Kinetoplastea,Trypanosomatida,Trypanosomatidae,0,genus,Vaccaro 2000,"blood, muscle of heart and gut","circulatory, muscular, digestive",genus,"Vaccaro 2000, Gutteridge & Coombs 1977","tropics, South America",genus,Gutteridge & Coombs 1977 pg. 5,,,,,,,yes,genus,"Aikawa & Sterling 1974, Gutteridge & Coombs 1977",no,genus,CDC,no,genus,Gibson 2001,insect vector,genus,Wikipedia,,,,
Trypanosoma devei,Trypanosoma devei,Trypanosomes devei,-1,Flagellate,Euglenozoa,Kinetoplastea,Trypanosomatida,Trypanosomatidae,0,genus,Vaccaro 2000,"blood, muscle of heart and gut","circulatory, muscular, digestive",genus,"Vaccaro 2000, Gutteridge & Coombs 1977","tropics, South America",genus,Gutteridge & Coombs 1977 pg. 5,,,,,,,yes,genus,"Aikawa & Sterling 1974, Gutteridge & Coombs 1977",no,genus,CDC,no,genus,Gibson 2001,insect vector,genus,Wikipedia,,,,
Trypanosoma diasi,Trypanosoma diasi,Trypanosoma diasi,-1,Flagellate,Euglenozoa,Kinetoplastea,Trypanosomatida,Trypanosomatidae,0,genus,Vaccaro 2000,"blood, muscle of heart and gut","circulatory, muscular, digestive",genus,"Vaccaro 2000, Gutteridge & Coombs 1977","tropics, South America",genus,Gutteridge & Coombs 1977 pg. 5,,,,,,,yes,genus,"Aikawa & Sterling 1974, Gutteridge & Coombs 1977",no,genus,CDC,no,genus,Gibson 2001,insect vector,genus,Wikipedia,,,,
Trypanosoma evansi,Trypanosoma evansi,Trypanosoma evansi,-1,Flagellate,Euglenozoa,Kinetoplastea,Trypanosomatida,Trypanosomatidae,0,genus,Vaccaro 2000,"blood, muscle of heart and gut","circulatory, muscular, digestive",genus,"Vaccaro 2000, Gutteridge & Coombs 1977","tropics, South America",genus,Gutteridge & Coombs 1977 pg. 5,yes,species,Gutteridge & Coombs 1977,camels,species,Gutteridge & Coombs 1977,yes,genus,"Aikawa & Sterling 1974, Gutteridge & Coombs 1977",no,genus,CDC,no,genus,Gibson 2001,insect vector,genus,Wikipedia,,,,
Trypanosoma hippicum,Trypanosoma hippicum,Trypanosoma hippicum,-1,Flagellate,Euglenozoa,Kinetoplastea,Trypanosomatida,Trypanosomatidae,0,genus,Vaccaro 2000,"blood, muscle of heart and gut","circulatory, muscular, digestive",genus,"Vaccaro 2000, Gutteridge & Coombs 1977","tropics, South America",genus,Gutteridge & Coombs 1977 pg. 5,,,,,,,yes,genus,"Aikawa & Sterling 1974, Gutteridge & Coombs 1977",no,genus,CDC,no,genus,Gibson 2001,insect vector,genus,Wikipedia,,,,
Trypanosoma irangiense,Trypanosoma irangiense,Trypanosoma irangiense,-1,Flagellate,Euglenozoa,Kinetoplastea,Trypanosomatida,Trypanosomatidae,0,genus,Vaccaro 2000,"blood, muscle of heart and gut","circulatory, muscular, digestive",genus,"Vaccaro 2000, Gutteridge & Coombs 1977","tropics, South America",genus,Gutteridge & Coombs 1977 pg. 5,,,,,,,yes,genus,"Aikawa & Sterling 1974, Gutteridge & Coombs 1977",no,genus,CDC,no,genus,Gibson 2001,insect vector,genus,Wikipedia,,,,
Trypanosoma lambrechti,Trypanosoma lambrechti,Trypanosoma lambrechti,-1,Flagellate,Euglenozoa,Kinetoplastea,Trypanosomatida,Trypanosomatidae,0,genus,Vaccaro 2000,"blood, muscle of heart and gut","circulatory, muscular, digestive",genus,"Vaccaro 2000, Gutteridge & Coombs 1977","tropics, South America",genus,Gutteridge & Coombs 1977 pg. 5,,,,,,,yes,genus,"Aikawa & Sterling 1974, Gutteridge & Coombs 1977",no,genus,CDC,no,genus,Gibson 2001,insect vector,genus,Wikipedia,,,,
Trypanosoma lesourdi,Trypanosoma lesourdi,Trypanosoma lesourdi,-1,Flagellate,Euglenozoa,Kinetoplastea,Trypanosomatida,Trypanosomatidae,0,genus,Vaccaro 2000,"blood, muscle of heart and gut","circulatory, muscular, digestive",genus,"Vaccaro 2000, Gutteridge & Coombs 1977","tropics, South America",genus,Gutteridge & Coombs 1977 pg. 5,,,,,,,yes,genus,"Aikawa & Sterling 1974, Gutteridge & Coombs 1977",no,genus,CDC,no,genus,Gibson 2001,insect vector,genus,Wikipedia,,,,
Trypanosoma minasense,Trypanosoma minasense,Trypanosomes minasense,-1,Flagellate,Euglenozoa,Kinetoplastea,Trypanosomatida,Trypanosomatidae,0,genus,Vaccaro 2000,"blood, muscle of heart and gut","circulatory, muscular, digestive",genus,"Vaccaro 2000, Gutteridge & Coombs 1977","tropics, South America",genus,Gutteridge & Coombs 1977 pg. 5,,,,,,,yes,genus,"Aikawa & Sterling 1974, Gutteridge & Coombs 1977",no,genus,CDC,no,genus,Gibson 2001,insect vector,genus,Wikipedia,,,,
Trypanosoma mycetae,Trypanosoma mycetae,Trypanosomes mycetae,-1,Flagellate,Euglenozoa,Kinetoplastea,Trypanosomatida,Trypanosomatidae,0,genus,Vaccaro 2000,"blood, muscle of heart and gut","circulatory, muscular, digestive",genus,"Vaccaro 2000, Gutteridge & Coombs 1977","tropics, South America",genus,Gutteridge & Coombs 1977 pg. 5,,,,,,,yes,genus,"Aikawa & Sterling 1974, Gutteridge & Coombs 1977",no,genus,CDC,no,genus,Gibson 2001,insect vector,genus,Wikipedia,,,,
Trypanosoma perodictici,Trypanosoma perodictici,Trypanosoma perodictici,-1,Flagellate,Euglenozoa,Kinetoplastea,Trypanosomatida,Trypanosomatidae,0,genus,Vaccaro 2000,"blood, muscle of heart and gut","circulatory, muscular, digestive",genus,"Vaccaro 2000, Gutteridge & Coombs 1977","tropics, South America",genus,Gutteridge & Coombs 1977 pg. 5,,,,,,,yes,genus,"Aikawa & Sterling 1974, Gutteridge & Coombs 1977",no,genus,CDC,no,genus,Gibson 2001,insect vector,genus,Wikipedia,,,,
Trypanosoma pestanai,Trypanosoma pestanai,Trypanosoma pestanai,-1,Flagellate,Euglenozoa,Kinetoplastea,Trypanosomatida,Trypanosomatidae,0,genus,Vaccaro 2000,"blood, muscle of heart and gut","circulatory, muscular, digestive",genus,"Vaccaro 2000, Gutteridge & Coombs 1977","tropics, South America",genus,Gutteridge & Coombs 1977 pg. 5,,,,,,,yes,genus,"Aikawa & Sterling 1974, Gutteridge & Coombs 1977",no,genus,CDC,no,genus,Gibson 2001,insect vector,genus,Wikipedia,,,,
Trypanosoma primatum,Trypanosoma primatum,Trypanosoma primatum,-1,Flagellate,Euglenozoa,Kinetoplastea,Trypanosomatida,Trypanosomatidae,0,genus,Vaccaro 2000,"blood, muscle of heart and gut","circulatory, muscular, digestive",genus,"Vaccaro 2000, Gutteridge & Coombs 1977","tropics, South America",genus,Gutteridge & Coombs 1977 pg. 5,,,,,,,yes,genus,"Aikawa & Sterling 1974, Gutteridge & Coombs 1977",no,genus,CDC,no,genus,Gibson 2001,insect vector,genus,Wikipedia,,,,
Trypanosoma rangeli,Trypanosoma rangeli,Trypanosoma saimirii-like,1,Flagellate,Euglenozoa,Kinetoplastea,Trypanosomatida,Trypanosomatidae,0,genus,Vaccaro 2000,"blood, muscle of heart and gut","circulatory, muscular, digestive",genus,"Vaccaro 2000, Gutteridge & Coombs 1977","tropics, South America",genus,Gutteridge & Coombs 1977 pg. 5,,,,,,,yes,genus,"Aikawa & Sterling 1974, Gutteridge & Coombs 1977",no,genus,CDC,no,genus,Gibson 2001,insect vector,genus,Wikipedia,,,,
Trypanosoma sanmartini,Trypanosoma sanmartini,Trypanosoma sanmartini,-1,Flagellate,Euglenozoa,Kinetoplastea,Trypanosomatida,Trypanosomatidae,0,genus,Vaccaro 2000,"blood, muscle of heart and gut","circulatory, muscular, digestive",genus,"Vaccaro 2000, Gutteridge & Coombs 1977","tropics, South America",genus,Gutteridge & Coombs 1977 pg. 5,,,,,,,yes,genus,"Aikawa & Sterling 1974, Gutteridge & Coombs 1977",no,genus,CDC,no,genus,Gibson 2001,insect vector,genus,Wikipedia,,,,
Trypanosoma simiae,Trypanosoma simiae,Trypanosoma simiae,-1,Flagellate,Euglenozoa,Kinetoplastea,Trypanosomatida,Trypanosomatidae,0,genus,Vaccaro 2000,"blood, muscle of heart and gut","circulatory, muscular, digestive",genus,"Vaccaro 2000, Gutteridge & Coombs 1977","tropics, South America",genus,Gutteridge & Coombs 1977 pg. 5,,,,,,,yes,genus,"Aikawa & Sterling 1974, Gutteridge & Coombs 1977",no,genus,CDC,no,genus,Gibson 2001,insect vector,genus,Wikipedia,,,,
Trypanosoma theileri,Trypanosoma theileri,Trypanosoma theileri,-1,Flagellate,Euglenozoa,Kinetoplastea,Trypanosomatida,Trypanosomatidae,0,genus,Vaccaro 2000,"blood, muscle of heart and gut","circulatory, muscular, digestive",genus,"Vaccaro 2000, Gutteridge & Coombs 1977","tropics, South America",genus,Gutteridge & Coombs 1977 pg. 5,yes,species,"not sure, red cover, photo taken in May","domestic cattle, other domesticated and wild bovids",species,same,yes,genus,"Aikawa & Sterling 1974, Gutteridge & Coombs 1977",no,genus,CDC,no,genus,Gibson 2001,insect vector,genus,Wikipedia,,,,
Trypanosoma venezuelense,Trypanosoma venezuelense,Trypanosoma venezuelense,-1,Flagellate,Euglenozoa,Kinetoplastea,Trypanosomatida,Trypanosomatidae,0,genus,Vaccaro 2000,"blood, muscle of heart and gut","circulatory, muscular, digestive",genus,"Vaccaro 2000, Gutteridge & Coombs 1977","tropics, South America",genus,Gutteridge & Coombs 1977 pg. 5,,,,,,,yes,genus,"Aikawa & Sterling 1974, Gutteridge & Coombs 1977",no,genus,CDC,no,genus,Gibson 2001,insect vector,genus,Wikipedia,,,,
Trypanosoma vivax,Trypanosoma vivax,Trypansoma vivax,-1,Flagellate,Euglenozoa,Kinetoplastea,Trypanosomatida,Trypanosomatidae,0,genus,Vaccaro 2000,"blood, muscle of heart and gut","circulatory, muscular, digestive",genus,"Vaccaro 2000, Gutteridge & Coombs 1977","tropics, South America",genus,Gutteridge & Coombs 1977 pg. 5,yes,species,Gutteridge & Coombs 1977,"game animals, cattle",species,Gutteridge & Coombs 1977,yes,genus,"Aikawa & Sterling 1974, Gutteridge & Coombs 1977",no,genus,CDC,no,genus,Gibson 2001,insect vector,genus,Wikipedia,,,,
