binomial,Order,Family,ActivityCycle,AdultBodyMass_wEXT,Brain_weight_comb_e1_pref,BW_Mass_comb_e1_pref,AdultHeadBodyLen,DietBreadth,GestationLen,HabitatBreadth,HomeRange,InterbirthInterval,LitterSize,LittersPerYear_wEXT,MaxLongevity,NeonateBodyMass_wEXT,PopulationDensity,SexualMaturityAge,Terrestriality,TrophicLevel,WeaningAge,GR_Area_Combined_IUCN_preferred
Acinonyx_jubatus,Carnivora,Felidae,3,50577.92,111.05,58.56,1480.43,1,92.24,1,88.27,547.5,3.28,0.89,228,441.66,0.01,741.97,1,3,91.42,2809301.207
Addax_nasomaculatus,Artiodactyla,Bovidae,1,96077.36,NA,NA,NA,5,262.74,1,NA,360,1,1.1,308.04,5633.76,NA,821.25,1,1,NA,34478.1676
Aepyceros_melampus,Artiodactyla,Bovidae,3,52591.69,162.7,59,1420,2,196.74,1,1.97,365,1,1.1,213,5238.4,13.36,498.97,1,1,150,3485542.674
Ailuropoda_melanoleuca,Carnivora,Ursidae,2,117999.99,235.1,117.92,1345.98,3,134.99,1,3.55,638.75,1.62,0.82,360,104.39,0.18,2413.02,1,1,178.98,16284.7048
Alcelaphus_buselaphus,Artiodactyla,Bovidae,3,160937.86,267.5,158.4,1974.99,2,242.66,1,2.73,345.5,1,1.13,240,12500,3.65,827.69,1,1,188.73,6856205.773
Alcelaphus_lichtensteinii,Artiodactyla,Bovidae,NA,168695.66,357,139.9,NA,3,237,1,4.41,365,1,1.1,240,15000,1.71,596.29,1,1,NA,2264335.8
Alces_alces,Artiodactyla,Cervidae,2,461900.76,NA,NA,2930.47,1,235,1,71.75,365,1.25,1.7,324,12999.99,0.4,668.2,1,1,98.85,7963741.77
Alces_americanus,Artiodactyla,Cervidae,NA,541460.44,NA,NA,2097.16,2,245,NA,NA,NA,1,NA,300,13499.99,NA,631.37,NA,1,182.5,15112560.77
Allenopithecus_nigroviridis,Primates,Cercopithecidae,3,4749.96,47.4996,6.119652,459.99,NA,NA,NA,NA,NA,1.01,NA,276,240.71,NA,NA,NA,NA,106.15,506340.0089
Alouatta_belzebul,Primates,Atelidae,3,6157.91,NA,NA,550.38,NA,NA,1,NA,NA,NA,NA,NA,-999,17,NA,2,NA,NA,1341970.554
Alouatta_caraya,Primates,Atelidae,3,5576.96,56.7,6.2,558.16,3,185.92,NA,NA,337.62,1.01,1.14,243.6,260.6,80,1276.72,NA,1,323.16,3064124.147
Alouatta_guariba,Primates,Atelidae,3,5188.33,NA,NA,514.53,4,NA,1,0.03,NA,NA,NA,NA,-999,89.09,NA,2,1,NA,1076694.635
Alouatta_nigerrima,Primates,Atelidae,NA,-999,NA,NA,NA,NA,NA,NA,NA,NA,NA,NA,NA,-999,NA,NA,NA,NA,NA,236115.9423
Alouatta_palliata,Primates,Atelidae,3,6576.99,55.1,6.55,576.35,2,185.42,1,0.19,684.37,1.02,0.8,300,318.29,58.99,1578.42,2,1,495.6,567401.1429
Alouatta_pigra,Primates,Atelidae,3,7172.06,71.7206,4.56,566.94,2,185.92,1,0.3,NA,1.01,NA,240,480,8.53,NA,2,1,NA,240009.9462
Alouatta_seniculus,Primates,Atelidae,3,6398.31,57.9,7.25,560.21,6,189.9,1,0.1,507.35,1.42,0.93,300,293.42,44.49,1690.22,2,2,370.04,6126630.694
Ammotragus_lervia,Artiodactyla,Bovidae,NA,94202.22,210,66,1449.99,2,156.24,1,7.06,212.91,1.22,1.44,252,4500,NA,507.09,1,1,121.66,1416981.503
Antidorcas_marsupialis,Artiodactyla,Bovidae,2,33571.24,138.5,37.2,1055,2,169.49,1,NA,365,1,1.1,240,3841.48,10.69,331.73,1,1,57.45,1950024.369
Antilocapra_americana,Artiodactyla,Antilocapridae,NA,47450.01,NA,NA,1310,2,247.99,1,8.05,365,1.93,1,144,3454.7,0.82,534.68,1,1,87.54,2007724.284
Antilope_cervicapra,Artiodactyla,Bovidae,NA,36301.1,200,38.5,1250,5,166.59,1,0.62,212.56,1.22,2,243,3386.14,4.25,700.04,1,1,59.5,1753985.439
Aotus_azarae,Primates,Aotidae,1,929.57,9.2957,2.141412,NA,2,NA,1,NA,365,1,1.1,NA,-999,15.94,NA,2,2,229.69,3162697.552
Aotus_nancymaae,Primates,Aotidae,1,791.03,NA,NA,NA,2,NA,1,NA,NA,1.02,NA,NA,-999,28.16,NA,2,2,NA,492725.8504
Aotus_nigriceps,Primates,Aotidae,1,1057,NA,NA,357.99,2,NA,1,NA,NA,NA,NA,NA,-999,38,NA,2,2,NA,1548686.711
Aotus_trivirgatus,Primates,Aotidae,1,912.4,18.2,0.96,357.99,3,133.47,1,0.02,271,1.06,1.28,303.6,96.49,24.37,736.6,2,2,76.21,752039.6157
Aotus_vociferans,Primates,Aotidae,1,872.99,NA,NA,NA,2,NA,1,NA,NA,1.02,NA,NA,-999,23.51,NA,2,1,NA,1016994.236
Arctictis_binturong,Carnivora,Viverridae,1,12999.99,40.85,11.47,785.15,3,92.24,1,NA,317.6,2.5,1.18,272.4,317.35,NA,1034.61,1,1,117.57,3154427.312
Arctocebus_calabarensis,Primates,Lorisidae,1,258.01,7.7,0.315,239.99,3,133.74,NA,NA,144.47,1.01,1.76,156,31.82,6.2,298.91,NA,2,109.26,148435.1077
Arctocephalus_australis,Carnivora,Otariidae,1,67979.43,NA,NA,1647.58,6,246.38,2,NA,365,1,1.1,252,4449.71,NA,1729.33,1,2,365,1894752.43
Arctocephalus_forsteri,Carnivora,Otariidae,1,101249.99,NA,NA,1701.17,6,242.47,2,NA,365,1,1.1,180,3700,NA,2668.42,1,2,323.72,4137752.934
Arctocephalus_galapagoensis,Carnivora,Otariidae,1,39448.04,NA,NA,1352.21,6,215.94,2,NA,730,1,0.77,264,3499.99,NA,1683.65,1,2,821.25,98905.9776
Arctocephalus_gazella,Carnivora,Otariidae,1,96599.99,324,34.1,1568.56,1,294.69,2,NA,365,1,1.1,276,5794.63,22,1691.66,1,3,116.28,17530131.92
Arctocephalus_philippii,Carnivora,Otariidae,NA,94999.99,NA,NA,1694.94,6,NA,2,NA,365,1,1.1,NA,-999,NA,NA,1,2,NA,1193338.669
Arctocephalus_pusillus,Carnivora,Otariidae,1,178500,NA,NA,1899.33,1,357.99,2,NA,365,1,1.1,252,5750,NA,1698.17,1,3,356.3,1907928.293
Arctocephalus_tropicalis,Carnivora,Otariidae,NA,92222.55,NA,NA,1620.16,6,241.69,2,NA,365,1.4,1.1,276,4347.41,NA,1538.68,1,2,304.16,13395892.11
Ateles_belzebuth,Primates,Atelidae,3,6692.42,106.6,6,459.3,2,138.2,1,2.28,NA,1.02,NA,336,-999,13.49,NA,2,1,NA,1153230.381
Ateles_fusciceps,Primates,Atelidae,3,9067.94,114.7,9,489.15,2,224.7,1,NA,851.66,1.01,0.71,288,499.99,NA,1799.68,2,1,482.7,215775.1192
Ateles_geoffroyi,Primates,Atelidae,3,7582.4,110.9,6,433.07,2,226.37,1,0.73,1048.15,1.01,0.64,327.6,425.85,19.06,2104.57,2,1,816.35,901714.853
Ateles_paniscus,Primates,Atelidae,3,8697.25,109.9,6.2,575.96,6,228.18,1,1.36,1072.18,1,0.63,453.6,478.64,8,2104.57,2,2,805.41,1061273.593
Atilax_paludinosus,Carnivora,Herpestidae,2,3600.16,28.5,3.67,499.01,6,77.27,2,1.73,182.5,2,2,209,100,NA,234.83,1,2,35.89,14049136.19
Avahi_laniger,Primates,Indriidae,1,1092.28,10,1.3,275,3,136.15,2,0.01,365,1.01,1,NA,-999,84.85,NA,2,1,149.15,55372.5766
Avahi_occidentalis,Primates,Indriidae,2,828.98,8.2898,0.967,NA,1,NA,1,0.01,NA,1.02,NA,NA,-999,66.99,NA,2,1,NA,3865.8702
Axis_axis,Artiodactyla,Cervidae,NA,69499.99,219,88.5,NA,1,227.49,NA,0.67,425.83,1.01,1.01,249.6,3156.86,6.69,543.68,NA,1,121.66,2361083.4
Axis_porcinus,Artiodactyla,Cervidae,NA,37448.29,NA,NA,NA,3,220.13,NA,0.52,NA,1,NA,240,2483.33,16.5,464.04,NA,1,NA,362985.8382
Bassariscus_astutus,Carnivora,Procyonidae,1,1010.37,16.44,0.84,338.98,6,54.23,1,0.74,365,3,1,198,27.74,3.58,278.08,1,2,53.84,3903675.622
Bison_bison,Artiodactyla,Bovidae,2,624577.07,335.5,550,2849.24,2,283.17,2,47.39,399,1,1,396,20000,0.28,921.77,1,1,287.32,9582710.449
Bison_bonasus,Artiodactyla,Bovidae,2,675876.7,NA,NA,2900,2,265.99,2,7.91,638.75,1,1,324,23358.61,0.88,841.82,1,1,287.32,5715.0131
Blastocerus_dichotomus,Artiodactyla,Cervidae,2,112518.53,NA,NA,1720,3,272.37,1,NA,NA,1,1,NA,4199.99,0.12,NA,1,1,NA,4089114.044
Bos_frontalis,Artiodactyla,Bovidae,2,182253.04,NA,NA,2700,3,273.75,NA,NA,403.02,1.22,1,314.4,5875,0.54,610.97,NA,1,186.67,1370059.961
Bos_grunniens,Artiodactyla,Bovidae,NA,800143.05,334,250,NA,2,273.75,NA,NA,NA,1,1,267,22977.05,NA,755.15,NA,1,243.33,469487.5238
Boselaphus_tragocamelus,Artiodactyla,Bovidae,NA,500000,NA,NA,2000,5,248.49,NA,NA,400.5,1.39,1.05,260.4,-999,2.39,540,NA,1,NA,2289572.863
Brachyteles_arachnoides,Primates,Atelidae,3,10537.31,120.1,9.5,578.19,5,221.75,1,1.04,1028.69,1.02,0.65,NA,-999,5.49,2876.24,2,2,734.82,86276.3582
Bunopithecus_hoolock,Primates,Hylobatidae,3,6699,108.5,6.7,547.49,5,232.5,1,0.16,NA,1.01,NA,NA,-999,7,2689.08,2,2,635.13,600618.3275
Cacajao_calvus,Primates,Pitheciidae,3,3421.04,NA,NA,540.55,4,180,1,NA,775.62,1.01,0.75,324,-999,15.1,1262.74,2,2,339.29,182017.6536
Callicebus_brunneus,Primates,Pitheciidae,3,850.84,NA,NA,NA,NA,NA,1,0.04,NA,1.02,NA,NA,-999,NA,NA,2,NA,NA,243776.1863
Callicebus_cupreus,Primates,Pitheciidae,3,1117.02,11.1702,1.711632,354.99,NA,129.25,1,NA,395.41,1.01,1.05,NA,73.6,4.89,NA,2,NA,201.85,776065.1761
Callicebus_moloch,Primates,Pitheciidae,3,958.13,19,1.075,358.65,3,164,1,0.02,365,1.01,1.1,303.6,74.4,18.43,1262.74,2,2,58.85,944026.6518
Callicebus_personatus,Primates,Pitheciidae,3,1390.8,NA,NA,362.49,4,NA,1,0.03,NA,1.01,NA,NA,-999,13.03,NA,2,1,NA,142976.166
Callicebus_torquatus,Primates,Pitheciidae,3,1209.57,22.4,1.1,294.99,4,NA,1,0.11,NA,1.01,NA,NA,-999,10.2,1683.65,2,2,121.66,247897.8421
Callimico_goeldii,Primates,Cebidae,3,558,10.8,0.59,280,2,153.99,1,0.32,182.5,1.05,1.56,214.8,50.5,2.08,413.84,2,2,66.53,602347.5354
Callithrix_argentata,Primates,Cebidae,3,382.92,3.8292,0.843304,NA,4,NA,1,NA,219.6,1.84,1.42,201.6,35.8,7.52,701.52,2,2,NA,137205.7574
Callithrix_jacchus,Primates,Cebidae,3,290.21,7.9,0.3,NA,5,144,1,0.02,159.8,2.31,1.67,201.6,27.74,508.18,455.99,2,2,60.24,943367.4798
Callithrix_pygmaea,Primates,Cebidae,3,123.94,4.2,0.15,154.6,3,134.44,1,0.00212,182.5,1.93,1.56,181.2,14.5,15.9,708.5,2,2,90.73,1677133.874
Callorhinus_ursinus,Carnivora,Otariidae,2,55464.82,355,250,1734.82,6,358.49,2,NA,365,1.04,0.5,420,5354.8,18,1683.65,1,2,108.69,15501372.18
Camelus_dromedarius,Artiodactyla,Camelidae,3,492714.47,NA,NA,NA,3,386.51,1,196.32,614.41,1,1,480,36751.19,0.98,1947.94,1,1,389.38,NA
Canis_adustus,Carnivora,Canidae,1,10392.49,51.94,11.25,745.32,6,65,1,1.01,NA,4.5,NA,137,-999,0.74,249.88,1,2,52.89,10712932.64
Canis_aureus,Carnivora,Canidae,2,9658.7,72.24,8.76,827.53,6,61.24,1,2.95,365,3.74,1.1,192,211.82,0.22,371.23,1,2,61.3,27051628.43
Canis_latrans,Carnivora,Canidae,2,11989.1,88.23,10.49,872.39,1,61.74,1,18.88,365,5.72,1.1,262,200.01,0.25,372.9,1,3,43.71,17097659.69
Canis_lupus,Carnivora,Canidae,2,31756.51,131.63,33.11,1055,1,63.5,1,159.86,365,4.98,2,354,412.31,0.01,679.37,1,3,44.82,51204358.94
Canis_mesomelas,Carnivora,Canidae,2,8247.3,56.83,7.69,707.27,6,62.5,1,11.93,273.75,3.89,1.27,168,177.2,0.74,241.4,1,2,34.1,6453564.539
Canis_simensis,Carnivora,Canidae,3,14361.86,NA,NA,938.19,1,63.61,1,4.2,365,NA,1.1,NA,-999,1.2,754.74,1,3,69.6,6131.382
Capra_hircus,Artiodactyla,Bovidae,NA,47386.47,106,30,NA,2,156,NA,98.3,365,1.45,1.1,249.6,2136.11,7.58,498.97,NA,1,158.04,1405372.346
Capra_ibex,Artiodactyla,Bovidae,NA,69546.83,NA,NA,NA,2,167.5,1,NA,547.5,1.11,0.89,267.6,2779.07,NA,838.54,1,1,111.75,15605.9357
Capra_nubiana,Artiodactyla,Bovidae,NA,47763.72,NA,NA,NA,2,150,NA,NA,NA,1,NA,204,-999,NA,912,NA,1,NA,184991.8066
Capra_pyrenaica,Artiodactyla,Bovidae,NA,60898.77,NA,NA,1200,2,150,NA,0.64,NA,1.5,NA,192,-999,NA,NA,NA,1,NA,53277.3729
Capra_sibirica,Artiodactyla,Bovidae,NA,130000,NA,NA,NA,2,175,NA,NA,NA,2,NA,267,3640,NA,638.75,NA,1,NA,1562826.207
Capreolus_capreolus,Artiodactyla,Cervidae,2,22502.01,NA,NA,NA,5,196,1,0.52,365,1.79,1.1,204,1208.55,7.61,400.97,1,1,79.75,7256885.952
Capricornis_crispus,Artiodactyla,Bovidae,NA,43030.64,NA,NA,NA,2,213,NA,0.11,547.5,1,1,222.96,3499.99,1.98,988.23,NA,1,59.27,139673.4316
Capricornis_sumatraensis,Artiodactyla,Bovidae,NA,110942.22,NA,NA,1449.99,2,231.37,NA,NA,NA,1.22,NA,252,4100,NA,NA,NA,1,166.34,135077.5369
Capricornis_swinhoei,Artiodactyla,Bovidae,NA,-999,NA,NA,NA,2,210,NA,NA,NA,1,NA,NA,-999,NA,480,NA,1,NA,14412.576
Caracal_caracal,Carnivora,Felidae,1,11964.38,55.15,11.47,739.28,1,71.47,1,293.94,365,2.3,1.1,204,195.86,NA,437.27,1,3,120.41,12550034.98
Catopuma_temminckii,Carnivora,Felidae,NA,7726.46,68.03,4.22,887.35,1,99.07,1,NA,NA,1.5,NA,216,165.83,NA,NA,1,3,NA,1633704.852
Cebus_albifrons,Primates,Cebidae,3,2509.68,82,2.6,384.28,5,158.29,2,0.53,547.5,1.01,0.89,528,231.92,16.79,1501.69,2,2,270.32,3694705.352
Cebus_apella,Primates,Cebidae,3,2758.38,71,2.48,422.69,6,154.99,2,0.88,657,1.05,0.81,541.2,231.38,23.77,1760.81,2,2,263.12,6000312.011
Cebus_capucinus,Primates,Cebidae,3,3005.99,79.2,3.25,377.82,4,161.06,2,0.35,790.83,1.01,0.74,657.6,238.36,27.27,2134.73,2,2,514.07,477795.7369
Cebus_olivaceus,Primates,Cebidae,3,2787.64,80.8,2.6,404.1,4,NA,2,1.7,792.05,1.01,0.74,492,-999,24.79,2525.48,2,2,725.86,1769281.045
Cephalophus_dorsalis,Artiodactyla,Bovidae,1,20000,93,130,849.99,4,238,1,0.27,NA,1,NA,204.96,1611.37,NA,547.46,1,2,NA,3572475.048
Cephalophus_natalensis,Artiodactyla,Bovidae,3,12724.51,NA,NA,786.14,4,212.97,1,0.06,235,1,1.37,180,954.89,6.92,NA,1,1,NA,1252181.817
Cephalophus_nigrifrons,Artiodactyla,Bovidae,2,14676.33,NA,NA,944.21,4,NA,1,NA,NA,NA,NA,236.4,-999,2,NA,1,1,NA,3193133.747
Cephalophus_silvicultor,Artiodactyla,Bovidae,2,62006.6,NA,NA,1324.76,5,234.43,1,NA,306,1,1.2,207.96,4400.72,0.5,390,1,2,34.9,6162520.986
Ceratotherium_simum,Perissodactyla,Rhinocerotidae,2,2285939.43,NA,NA,2586.81,1,534.19,1,19.09,967.25,1,0.67,600,48500,0.47,2741.23,1,1,365,5395317.894
Cercocebus_galeritus,Primates,Cercopithecidae,3,7077.66,114.7,7.85,510,2,174.43,2,0.51,NA,1.01,NA,252,-999,70.11,2735.94,2,1,NA,202.2683
Cercocebus_torquatus,Primates,Cercopithecidae,3,7293.07,109.6,6.75,660,1,168.98,NA,NA,434.35,1.01,1,360,-999,40.15,1318.86,NA,1,NA,286811.9941
Cercopithecus_ascanius,Primates,Cercopithecidae,3,3540.24,66.5,3.55,444.99,4,148.5,NA,0.16,1580.45,1.01,0.52,339.6,371,105.79,1718.73,NA,2,146.54,2618216.943
Cercopithecus_campbelli,Primates,Cercopithecidae,3,3627.73,65.8,3.6,455,3,180.8,NA,0.01,NA,1.02,NA,396,-999,NA,NA,NA,1,362.93,617297.58
Cercopithecus_cephus,Primates,Cercopithecidae,3,3444.88,63.6,3.5,520,3,169.51,1,0.24,NA,1.01,NA,276,337.19,21.04,1521.9,2,2,362.93,778923.7046
Cercopithecus_denti,Primates,Cercopithecidae,3,-999,NA,NA,NA,NA,NA,NA,NA,NA,1.02,NA,NA,-999,NA,NA,NA,NA,NA,402606.02
Cercopithecus_diana,Primates,Cercopithecidae,3,4358.91,NA,NA,470,3,NA,NA,1.25,365,1.01,1.1,447.6,466.9,16.47,2279.95,NA,2,362.93,347148.5194
Cercopithecus_lhoesti,Primates,Cercopithecidae,3,5307.47,76,6.6,510,3,NA,NA,NA,485.45,1,0.95,192,-999,4.99,NA,NA,2,NA,215949.363
Cercopithecus_mitis,Primates,Cercopithecidae,3,5041.29,75,6,575,4,138.39,NA,0.1,565.75,1,0.88,325.2,402,70.39,2049.25,NA,2,688.08,2306683.887
Cercopithecus_mona,Primates,Cercopithecidae,3,3980.17,66,3.45,510,NA,NA,NA,NA,NA,1,NA,360,280.49,NA,NA,NA,NA,NA,617457.0203
Cercopithecus_neglectus,Primates,Cercopithecidae,3,5324.52,70.8,5.48,510,3,172.07,2,0.06,584,1.02,0.86,315.6,259.95,29.03,2076.39,2,2,417.62,2289599.579
Cercopithecus_nictitans,Primates,Cercopithecidae,3,5256.91,78.6,5.4,549.99,4,169.51,1,1.15,NA,1,NA,276,403.83,22.5,1684.59,2,2,NA,1337260.362
Cercopithecus_petaurista,Primates,Cercopithecidae,3,3233.67,32.3367,6.067852,410,NA,NA,NA,NA,NA,1.02,NA,228,-999,25.95,NA,NA,NA,NA,530886.2106
Cercopithecus_pogonias,Primates,Cercopithecidae,3,3578.27,71.1,3.75,459.99,3,169.51,1,1.15,NA,1.01,NA,289.2,337.19,19.04,1684.59,2,2,NA,2108875.141
Cercopithecus_preussi,Primates,Cercopithecidae,3,5132.57,NA,NA,545,4,NA,NA,NA,NA,1.02,NA,NA,-999,NA,NA,NA,2,NA,17246.8973
Cerdocyon_thous,Carnivora,Canidae,1,5741.66,NA,NA,648.06,7,57.18,1,1.41,243.33,3.09,1.35,138,140,3.54,279.15,1,2,72.33,7258627.826
Cervus_elaphus,Artiodactyla,Cervidae,2,240867.13,400,158.5,2136.72,5,235.61,1,58.42,NA,1.09,NA,321.6,8255.82,2.9,659.91,1,1,104.64,15261022.82
Cervus_nippon,Artiodactyla,Cervidae,2,52999.99,NA,NA,1200.51,2,223.66,1,1.43,NA,1,NA,305.04,4277.11,0.75,518.12,1,1,197.7,350917.715
Cheirogaleus_major,Primates,Cheirogaleidae,1,446.02,5.9,0.4,225,5,70,1,0.02,NA,2.26,NA,180,18.08,67.99,420.91,2,2,47.14,113876.1318
Cheirogaleus_medius,Primates,Cheirogaleidae,1,196.76,2.9,0.18,225,5,61.79,1,0.02,365,2.04,1.1,231.6,14.65,221.44,413.84,2,2,60.65,124728.6526
Chiropotes_albinasus,Primates,Pitheciidae,3,2793.21,NA,NA,440,3,157.67,1,1.98,NA,1.01,NA,204,-999,6.57,NA,2,1,NA,981532.4502
Chiropotes_satanas,Primates,Pitheciidae,3,2967.27,29.6727,5.883444,416.26,3,157.67,1,1.48,NA,1,NA,216,-999,15.6,NA,2,1,NA,273122.3901
Chlorocebus_aethiops,Primates,Cercopithecidae,NA,3695.99,59.8,4.155,560,NA,NA,NA,NA,NA,NA,NA,379.2,-999,NA,NA,NA,NA,217.76,1146145.938
Chrotogale_owstoni,Carnivora,Viverridae,2,3267.71,NA,NA,570.29,6,NA,1,NA,NA,NA,NA,NA,-999,NA,NA,1,2,NA,219483.4544
Chrysocyon_brachyurus,Carnivora,Canidae,2,23325,120.3,23.1,1245.72,6,63.48,1,21.36,NA,2,NA,180,372.29,NA,420.91,1,2,119,3144353.375
Civettictis_civetta,Carnivora,Viverridae,1,12075.58,36.97,12.06,790.14,6,68.4,1,NA,212.14,2.31,1.44,336,317.3,NA,286.24,1,2,82.91,15135344.53
Colobus_angolensis,Primates,Cercopithecidae,3,8990.31,73.5,9.85,564.99,1,NA,NA,NA,NA,1.01,NA,NA,-999,NA,NA,NA,1,NA,2295469.794
Colobus_guereza,Primates,Cercopithecidae,3,9925.88,82.3,10.525,625,2,169.02,1,0.17,486.66,1,0.95,294,444.92,99.2,1929.19,2,1,387.79,3050444.516
Colobus_polykomos,Primates,Cercopithecidae,3,8797.29,76.7,9.4,625,2,172.69,NA,0.14,442.41,1,0.99,366,489.89,23.5,1629.84,NA,1,213.78,341021.579
Conepatus_chinga,Carnivora,Mephitidae,NA,-999,NA,NA,NA,NA,NA,NA,NA,NA,NA,NA,NA,-999,NA,NA,NA,NA,NA,2792900.602
Conepatus_leuconotus,Carnivora,Mephitidae,1,3293.91,14.44,3.39,421.41,1,60.83,1,NA,182.5,3.6,2,84,-999,NA,340.6,1,3,45.56,2498370.753
Connochaetes_gnou,Artiodactyla,Bovidae,2,156547.53,305,155,1821.79,2,256.76,1,0.95,NA,1,NA,240,10941.45,34.62,965.63,1,1,111.57,403590.6377
Connochaetes_taurinus,Artiodactyla,Bovidae,2,198619.68,409,204.4,2014.99,1,251.49,1,NA,365,1,1.1,258,18044.36,7.99,841.82,1,1,256.32,3102967.9
Crocuta_crocuta,Carnivora,Hyaenidae,1,63369.98,144.03,66.02,1300.11,1,112.33,1,21.93,441.04,1.91,1,493.2,1460,0.12,789.54,1,3,371.37,14473653.99
Cuon_alpinus,Carnivora,Canidae,2,15800,94.63,17.64,987.74,1,61.5,1,33.64,365,4.3,1.1,192,275,0.55,374.18,1,3,57.33,10082119.94
Cynictis_penicillata,Carnivora,Herpestidae,3,694.41,10.49,0.59,291.87,1,56.83,1,1.89,365,2.15,1.1,182.4,-999,NA,350.57,1,3,41.76,2252272.009
Cystophora_cristata,Carnivora,Phocidae,NA,278896.81,NA,NA,2323.06,6,334.58,2,NA,365,1,1.1,420,21992.7,0.00482,1262.74,1,2,9.5,7432821.616
Dama_dama,Artiodactyla,Cervidae,2,57224.61,223,80,NA,2,230,1,0.71,365,1,1.1,300,4698.44,21.99,543.28,1,1,177.63,4019278.064
Damaliscus_lunatus,Artiodactyla,Bovidae,2,136000.33,310.4,133.4,1700,1,238,1,NA,NA,1,NA,216,11000,2.74,665.3,1,1,NA,1834847.278
Damaliscus_pygargus,Artiodactyla,Bovidae,NA,77784.55,228,60,NA,1,240.54,NA,NA,365,1.41,1.1,260.04,6873.81,24.56,620.76,NA,1,121.66,395531.1868
Daubentonia_madagascariensis,Primates,Daubentoniidae,1,2731.37,45.2,2.8,400,6,166.48,2,0.06,760.41,1.01,0.42,291.6,121.79,39.79,834.72,2,2,197.7,123726.8349
Diceros_bicornis,Perissodactyla,Rhinocerotidae,NA,995940.54,655,764,2849.99,2,466.24,1,11.48,1049.37,1,0.64,564,34999.99,0.11,2199.16,1,1,583.09,6697308.45
Eira_barbara,Carnivora,Mustelidae,2,4134.99,35.87,4.39,612.64,2,66.74,2,11.4,NA,2.14,NA,216,83,1.77,766.15,2,2,94.46,13375251.96
Enhydra_lutris,Carnivora,Mustelidae,3,27410.93,125.21,27.94,1435.71,6,238,1,3.43,365,0.96,1.1,360,1894.37,6.46,1022.33,NA,2,178.98,2026534.386
Equus_asinus,Perissodactyla,Equidae,NA,164998.49,NA,NA,NA,2,367,1,139.69,NA,1,NA,564,29249.99,3.06,742.46,1,1,NA,99841.4344
Equus_burchellii,Perissodactyla,Equidae,NA,279160.65,NA,NA,NA,3,371.2,1,127.99,385,1,1.07,480,32274.54,7,709.82,1,1,294.11,2310772.898
Equus_caballus,Perissodactyla,Equidae,2,403598.53,712,484,NA,1,338.97,1,15.62,547.5,1,1,744,37899.99,NA,834.72,1,1,341.76,6450.5732
Equus_grevyi,Perissodactyla,Equidae,NA,408000.35,NA,NA,2700,1,406,1,NA,NA,1,0.5,312,39999.99,2.27,1341.92,1,1,271.7,69785.6158
Equus_zebra,Perissodactyla,Equidae,3,282462.13,NA,NA,2350,2,363.49,1,7.4,653.95,1,0.35,288,29496.68,1.32,963.17,1,1,181.46,100160.2999
Erignathus_barbatus,Carnivora,Phocidae,NA,279999.99,460,281,2293.15,6,285.24,2,NA,547.5,1,0.89,377.43,34536.93,0.01,2199.16,1,2,20.94,14201730.09
Erythrocebus_patas,Primates,Cercopithecidae,3,7966.3,79.663,11.8,665,4,167.2,NA,28.24,365,1.01,1.1,286.8,621.67,0.26,1246.07,NA,2,211.79,7128149.735
Eudorcas_thomsonii,Artiodactyla,Bovidae,2,22907.43,91,21.3,885,2,166.14,1,NA,193.9,1,1.51,182.04,2500,12.53,418.38,1,1,93.25,157281.5345
Eulemur_coronatus,Primates,Lemuridae,2,1699.85,16.9985,2.104116,352.27,4,124.04,2,0.05,NA,1.53,NA,220.8,57.81,101.98,701.52,2,2,NA,6109.7637
Eulemur_fulvus,Primates,Lemuridae,2,2376.99,25.2,2.2,469.62,3,120.83,1,0.05,547.5,1.1,0.89,444,74.99,221,791.75,2,1,134.64,47628.8421
Eulemur_macaco,Primates,Lemuridae,2,2470.43,25.6,2.5,397.11,4,127.49,1,0.03,365,1.04,1,360,60.5,53.85,660.75,2,2,143.28,10657.4507
Eulemur_mongoz,Primates,Lemuridae,2,1771.13,21.8,1.8,354.85,4,129,1,0.05,NA,1.11,1,360,59.48,346.7,1060.7,2,2,151.13,8315.1314
Eulemur_rubriventer,Primates,Lemuridae,2,2015.4,20.154,2.66,404.72,4,126.99,1,0.13,NA,1.01,NA,NA,84.97,30,566.36,2,2,151.22,49838.4308
Eumetopias_jubatus,Carnivora,Otariidae,1,382466.74,NA,NA,2692.71,6,342.1,2,NA,365,0.96,1.1,360,18250,NA,1965.83,1,2,351,7038000.783
Euoticus_elegantulus,Primates,Galagidae,1,295.48,5.8,0.285,300,4,133.45,NA,NA,NA,0.99,NA,180,-999,16.47,NA,NA,2,NA,782195.1725
Felis_catus,Carnivora,Felidae,NA,2884.8,NA,NA,NA,NA,62.99,NA,1.41,NA,NA,NA,408,113,3.47,296.98,NA,NA,NA,NA
Felis_manul,Carnivora,Felidae,1,3050,34.47,3,573.28,1,76.08,1,NA,NA,4.83,NA,NA,89,NA,NA,1,3,NA,3356628.392
Felis_margarita,Carnivora,Felidae,1,2823.36,NA,NA,511.33,1,63.61,1,NA,197.7,4.12,1.5,NA,63.99,NA,NA,1,3,NA,3538385.835
Felis_silvestris,Carnivora,Felidae,2,4573.08,36.785,4.48,498.51,1,65.49,1,1.29,148.25,3.59,2,336,106.4,0.36,350.76,1,3,76.01,29101575.37
Galago_demidoff,Primates,Galagidae,1,66.04,2.7,0.062,120,4,111,NA,0.01,365,1.29,1.5,168,9.89,57.57,345.24,NA,2,43.47,4397561.034
Galago_moholi,Primates,Galagidae,NA,191.96,1.9196,0.396788,NA,2,122.29,NA,0.04,182.5,1.6,1.56,198,11.73,172.04,420.91,NA,1,90.46,4247251.359
Galago_senegalensis,Primates,Galagidae,1,215.2,4.8,0.225,160,3,126.98,NA,0.08,219,1.5,2,204,11.5,89.77,330.37,NA,2,93.93,8388313.456
Galerella_sanguinea,Carnivora,Herpestidae,3,543.83,8.76,0.49,329.01,6,61.27,1,0.66,182.5,2.5,2,72,-999,1.32,465.57,1,2,54.44,16707820.91
Galictis_cuja,Carnivora,Mustelidae,2,1000,15.03,1,423.29,1,NA,1,NA,NA,NA,NA,87,-999,NA,NA,1,3,NA,4551312.251
Galictis_vittata,Carnivora,Mustelidae,NA,-999,24.29,2.44,NA,NA,NA,NA,NA,NA,NA,NA,NA,-999,NA,NA,NA,NA,NA,10014206.65
Gazella_gazella,Artiodactyla,Bovidae,2,21306.83,NA,NA,1012.85,3,180,1,1.46,228.12,1.22,1.39,219,2124.99,0.4,485.11,1,1,86.17,342610.249
Gazella_spekei,Artiodactyla,Bovidae,NA,20000,NA,NA,885,2,178.59,1,NA,206.5,1,1.46,152.04,1250,NA,403.21,1,1,NA,155823.8429
Genetta_genetta,Carnivora,Viverridae,1,1756.17,14.01,1.9,552.44,6,74.18,1,10.9,182.5,2.29,1.56,408,77.75,1.88,1262.74,1,2,71.8,14776384.43
Genetta_maculata,Carnivora,Viverridae,1,1950,NA,NA,NA,6,NA,1,NA,NA,2.12,NA,NA,-999,NA,NA,1,2,NA,12856198.18
Genetta_pardina,Carnivora,Viverridae,NA,-999,NA,NA,NA,NA,NA,NA,NA,NA,NA,NA,NA,-999,NA,NA,NA,NA,NA,1338381.016
Genetta_thierryi,Carnivora,Viverridae,NA,1400,NA,NA,418.64,NA,NA,1,NA,NA,NA,NA,NA,-999,NA,NA,1,NA,NA,2584209.245
Genetta_tigrina,Carnivora,Viverridae,1,2066.57,15.18,2.05,543.37,6,71.48,1,0.04,304.16,2.76,1.2,180,85.5,NA,841.82,1,2,87.77,212910.8693
Giraffa_camelopardalis,Artiodactyla,Giraffidae,2,964654.73,720,1200,4177.03,5,455.25,1,81.52,608.33,1.29,1,435.6,55244.9,1.23,1633.59,1,1,212.91,2016377.813
Gorilla_gorilla,Primates,Hominidae,3,112588.99,505.9,126.5,1594.44,3,257,1,4.03,1430.8,1.05,0.55,648,2095.89,0.59,3353.12,1,2,920.35,695615.4328
Gulo_gulo,Carnivora,Mustelidae,1,12792.49,78.26,11.13,772.1,1,161.73,1,343.27,821.25,2.84,0.5,216,86.02,0.00792,756.6,1,3,83.64,24396583.04
Halichoerus_grypus,Carnivora,Phocidae,NA,197570.01,320,163.4,2079.47,2,349.79,2,NA,365,0.96,1.1,560.07,13995.35,NA,1770.72,1,3,18.37,2501680.751
Hapalemur_griseus,Primates,Lemuridae,2,916,14.7,2,335,2,141.24,3,0.01,334.58,1.5,1.15,205.2,45.2,62,1003.17,2,1,136.29,50749.7556
Helogale_parvula,Carnivora,Herpestidae,3,281.83,4.76,0.27,201.59,1,54.08,1,0.21,141.94,3.49,2.25,131,-999,NA,423.04,1,3,21,6918449.636
Herpestes_ichneumon,Carnivora,Herpestidae,2,2980.02,23.34,3.03,573.28,6,75.87,1,2.18,365,3,1.5,240,-999,NA,729.99,1,2,58.09,13701475.16
Herpestes_javanicus,Carnivora,Herpestidae,3,750,7.24,0.74,280.02,6,48.48,1,0.22,152.08,2.21,2,120,24.67,39.59,166.84,1,2,43.59,6759635.315
Hippopotamus_amphibius,Artiodactyla,Hippopotamidae,2,1536310.4,590,1400,NA,2,235.37,2,NA,696.54,1,1,654,40199.99,4.86,2030,1,2,319.01,1882099.289
Hippotragus_equinus,Artiodactyla,Bovidae,3,264173.96,387.9,245.8,1150,5,278.23,1,NA,317,1,1.18,240,16412.18,0.96,841.82,1,1,119.27,5571020.142
Hippotragus_niger,Artiodactyla,Bovidae,3,236405.9,282,208.6,2035,5,272.87,1,NA,365,1,1.1,267,16412.18,1.3,972.17,1,1,210.73,3013926.669
Histriophoca_fasciata,Carnivora,Phocidae,NA,90000,NA,NA,1533.92,6,299.18,2,NA,365,1,1.1,372,10245.25,NA,1262.74,1,2,24.5,6080810.054
Hyaena_hyaena,Carnivora,Hyaenidae,2,35070.51,97.51,26.84,1104.7,6,90.5,1,45.19,237.25,2.44,1.36,288,653.23,NA,928.08,1,2,118.93,23511385.21
Hydrictis_maculicollis,Carnivora,Mustelidae,2,4180.53,40.04,4.01,594.08,1,59.6,2,NA,365,2,1.1,NA,-999,NA,841.82,1,3,60.48,10283429.6
Hylobates_lar,Primates,Hylobatidae,3,5578.61,107.7,5.5,545,4,212.91,NA,0.32,983.67,1.01,0.66,480,398.86,6.6,3852.57,NA,2,725.86,638113.1838
Hylobates_moloch,Primates,Hylobatidae,3,5860.81,113.7,5.85,675.6,4,241.2,NA,0.12,730,1,0.42,NA,-999,6.18,NA,NA,2,NA,39232.4434
Ichneumia_albicauda,Carnivora,Herpestidae,1,3628.4,24.29,3.86,571.69,1,NA,1,0.5,NA,2.35,NA,144,-999,3.7,754.74,1,3,NA,14289143.96
Ictonyx_striatus,Carnivora,Mustelidae,1,811.02,9.78,0.75,334,6,36.76,1,NA,365,2.3,1,160,13.69,NA,447.7,1,2,59.09,15344398.64
Indri_indri,Primates,Indriidae,3,8565.48,34.5,10.5,734.99,4,136.5,1,0.12,912.5,1.01,0.42,NA,-999,10.62,1605.69,2,1,331.34,29304.8944
Kobus_ellipsiprymnus,Artiodactyla,Bovidae,2,204393.48,313,225,NA,2,270,1,1.28,365,1,1.1,239.04,12000,2.46,1426.44,1,1,212.91,8949676.168
Kobus_kob,Artiodactyla,Bovidae,NA,80035.21,204,117.5,1700,1,254.76,1,99.57,NA,1,NA,263.04,5376.23,2.6,465.57,1,1,188.64,3004362.851
Kobus_leche,Artiodactyla,Bovidae,2,88645.04,223,118.3,NA,2,229.8,2,NA,NA,1,NA,222.96,5100,31,925.38,1,1,133.45,202159.1672
Lagothrix_lagotricha,Primates,Atelidae,3,6263.69,96.4,6.3,536.39,4,223.99,1,2.82,638.75,1.01,0.82,360,437.09,10.72,1729.33,2,2,312.66,654623.4798
Lama_glama,Artiodactyla,Camelidae,NA,78322.67,225,93,1595.1,2,342.74,1,NA,NA,1,1,339.6,8999.99,0.45,676.66,1,1,131.7,1658675.842
Lemur_catta,Primates,Lemuridae,2,2626.48,25.6,2.7,425,4,134.74,2,0.05,468.41,1.18,1,360,75.8,215,831.62,2,2,126.51,102782.6195
Leontopithecus_chrysomelas,Primates,Cebidae,3,572.8,5.728,1.241128,NA,NA,NA,1,0.24,NA,2.04,NA,NA,-999,8.76,NA,2,NA,NA,20190.1433
Leontopithecus_chrysopygus,Primates,Cebidae,3,656.12,NA,NA,NA,4,NA,1,0.83,NA,NA,NA,NA,-999,NA,NA,2,2,NA,63674.9069
Leontopithecus_rosalia,Primates,Cebidae,3,592.52,12.9,0.555,260.22,3,134,1,0.26,182.5,1.94,1.56,297.6,51.89,4.07,890.34,2,2,75.69,3990.809
Leopardus_geoffroyi,Carnivora,Felidae,NA,-999,NA,NA,NA,NA,NA,NA,NA,NA,NA,NA,NA,-999,NA,NA,NA,NA,NA,3363320.121
Leopardus_pajeros,Carnivora,Felidae,NA,-999,NA,NA,NA,NA,NA,NA,NA,NA,NA,NA,NA,-999,NA,NA,NA,NA,NA,2316055.55
Leopardus_pardalis,Carnivora,Felidae,2,11880,63.43,13.46,744.33,1,81.99,1,5.08,360.9,1.66,1,243.6,250,0.42,678.64,1,3,106.18,14713239.38
Leopardus_tigrinus,Carnivora,Felidae,NA,-999,NA,NA,NA,NA,NA,NA,NA,NA,NA,NA,NA,-999,NA,NA,NA,NA,NA,11526323.32
Leopardus_wiedii,Carnivora,Felidae,2,3270.81,NA,NA,598.41,1,82.2,2,8.54,NA,1.5,NA,240,157.42,NA,1052.28,2,3,93.4,12185811.02
Lepilemur_edwardsi,Primates,Lepilemuridae,1,821.58,NA,NA,NA,5,NA,1,0.00834,NA,NA,NA,NA,-999,70.98,NA,2,2,NA,9062.9606
Lepilemur_mustelinus,Primates,Lepilemuridae,1,669.03,9.5,0.625,NA,3,133.45,1,0.00273,NA,1,1,144,27,255.1,663.81,2,1,76.21,25759.9128
Lepilemur_ruficaudatus,Primates,Lepilemuridae,1,763.36,9.9,0.75,NA,2,135.92,1,NA,NA,1.02,NA,NA,-999,260,NA,2,1,119.32,19445.4224
Leptailurus_serval,Carnivora,Felidae,2,11999.96,10.8,5.26,832.51,1,73.74,1,1.84,182.5,2.35,2.5,276,254,NA,887.95,1,3,104.68,12523671.61
Leptonychotes_weddellii,Carnivora,Phocidae,2,400000,550,400,2539.91,6,314.99,2,NA,365,1,1.1,300,27395.84,0.12,1587.55,1,2,43.35,28689585.85
Lobodon_carcinophaga,Carnivora,Phocidae,2,224999.99,542,222,2265.73,1,269.81,2,NA,547.5,0.96,0.89,468,20000,1.01,1522.5,1,3,31.32,25061361.56
Lontra_canadensis,Carnivora,Mustelidae,2,8087.42,52.98,7.32,683.1,1,58.4,2,14.18,365,2.67,1.1,300,135.94,1.12,729.99,1,3,121.66,11902855.82
Lontra_longicaudis,Carnivora,Mustelidae,2,6554.97,58.275,10.71,600.05,2,NA,3,NA,NA,3.69,NA,NA,-999,NA,NA,1,3,NA,12810163.63
Lophocebus_albigena,Primates,Cercopithecidae,3,7418.71,99.1,7.7,521.55,3,182.64,1,1.98,770.15,1.01,0.75,392.4,498.58,14.86,2525.48,2,2,211.71,1461519.111
Lophocebus_aterrimus,Primates,Cercopithecidae,3,6510.37,65.1037,10.84692,510,NA,NA,NA,0.34,NA,NA,NA,321.6,-999,NA,NA,NA,NA,NA,720411.1473
Lutra_lutra,Carnivora,Mustelidae,1,8868.69,42.1,8.67,687.94,1,64.27,2,21.31,365,2.01,1,264,284.99,0.85,700.76,1,3,100.8,25136275.45
Lycalopex_culpaeus,Carnivora,Canidae,1,8616.24,51.42,7.32,720.34,2,58.72,1,5.05,365,4.88,1.1,NA,167.99,1.01,377.37,1,3,48.22,2667860.166
Lycalopex_fulvipes,Carnivora,Canidae,NA,-999,NA,NA,NA,NA,NA,NA,NA,NA,NA,NA,NA,-999,NA,NA,NA,NA,NA,8736.6656
Lycalopex_griseus,Carnivora,Canidae,NA,-999,NA,NA,NA,NA,NA,NA,NA,NA,NA,NA,NA,-999,NA,NA,NA,NA,NA,1618314.768
Lycalopex_gymnocercus,Carnivora,Canidae,1,4542.67,40.04,4.39,619.15,7,59.23,1,NA,365,3.09,1.1,164.4,-999,NA,NA,1,2,NA,2777074.332
Lycalopex_vetulus,Carnivora,Canidae,NA,4233.47,NA,NA,600.05,6,NA,1,NA,365,3,1.1,NA,-999,NA,NA,1,2,NA,1782003.44
Lycaon_pictus,Carnivora,Canidae,3,21999.99,129.02,21.98,923.86,1,71.18,1,395.88,355.87,8.1,1.11,132,297.45,0.01,817.15,1,3,27.28,1272437.563
Lynx_canadensis,Carnivora,Felidae,1,9682.82,NA,NA,702.3,1,62.5,1,30.6,365,2.73,1.1,321,204,0.05,672.9,1,3,111.36,8452518.034
Lynx_lynx,Carnivora,Felidae,2,19300,70.11,11.03,851.2,1,66.99,1,136.35,365,2.3,1,321.6,289,0.02,739.52,1,3,81.85,21936004.77
Lynx_pardinus,Carnivora,Felidae,NA,11050,NA,NA,960.08,1,69.44,1,7.19,NA,2.5,NA,NA,-999,0.32,NA,1,3,NA,27651.6694
Lynx_rufus,Carnivora,Felidae,2,6374.47,57.97,6.11,689.81,1,59.99,1,31.2,365,2.76,1.1,388,300,0.1,668.22,1,3,59.99,9294122.655
Macaca_arctoides,Primates,Cercopithecidae,3,9358.04,93.5804,12,599.99,1,176.6,NA,NA,544.6,1.01,0.89,360,488.99,NA,1570.01,NA,1,377.66,1423070.559
Macaca_assamensis,Primates,Cercopithecidae,3,8546.89,85.4689,9.05,605,NA,NA,NA,NA,NA,NA,NA,NA,-999,NA,NA,NA,NA,NA,1808330.314
Macaca_cyclopis,Primates,Cercopithecidae,3,5748.94,NA,NA,560,NA,161.06,NA,NA,462.33,1,0.97,NA,399.86,NA,1650.01,NA,NA,205.24,26772.9622
Macaca_fascicularis,Primates,Cercopithecidae,3,4569.32,69.2,5,515,3,164.69,NA,0.46,398.45,1,1,456,328.76,49.99,1319.5,NA,2,283.53,2697102.897
Macaca_fuscata,Primates,Cercopithecidae,3,10114.76,106.6,9.5,826.71,5,172.99,2,1.43,486.66,1.02,1,396,501.57,30.19,1460.77,2,2,265.04,156593.6596
Macaca_maura,Primates,Cercopithecidae,3,7290.3,72.903,10.7,660,NA,167.19,NA,NA,669.16,1.01,0.81,NA,388.46,20,NA,NA,NA,497.16,4790.6341
Macaca_mulatta,Primates,Cercopithecidae,3,6455.19,95.1,7.7,555,1,166.07,NA,5.91,385.5,1.01,1,432,471.47,11.1,1101.07,NA,1,304.16,7513074.329
Macaca_nemestrina,Primates,Cercopithecidae,3,7820.78,106,9.1,535,2,171,NA,1.75,405.07,1.01,1.04,411.6,472.92,18.92,1427.17,NA,1,292.6,1366583.848
Macaca_nigra,Primates,Cercopithecidae,3,7359.39,94.9,8.5,549.99,1,172.43,NA,NA,540.2,1.01,0.9,216,457.77,55.63,1984.51,NA,1,365,7665.8039
Macaca_ochreata,Primates,Cercopithecidae,3,2745.5,NA,NA,NA,NA,NA,NA,NA,NA,NA,NA,NA,-999,15,NA,NA,NA,NA,43070.3656
Macaca_radiata,Primates,Cercopithecidae,3,4999.99,76.8,5.15,475,NA,161.56,NA,0.88,365,1.01,1.1,360,367.52,8.3,1785.78,NA,NA,332.25,622325.899
Macaca_sinica,Primates,Cercopithecidae,3,4655.99,69.9,4.95,480,2,180.9,NA,0.4,547.5,1.01,0.89,420,-999,30,1894.11,NA,1,NA,46446.4766
Macaca_sylvanus,Primates,Cercopithecidae,3,11471.53,93.2,10.6,549.99,6,164.84,2,2.63,431.71,1.02,1.01,264,449.85,12.5,1542.25,2,2,210.25,41534.4092
Macaca_tonkeana,Primates,Cercopithecidae,3,10035.53,NA,NA,599.99,NA,NA,NA,NA,NA,NA,NA,NA,-999,10,NA,NA,NA,NA,81339.0412
Madoqua_kirkii,Artiodactyla,Bovidae,2,4833.4,32.1,4.4,654.27,5,171.49,1,NA,182.5,1,1.56,198,625.82,19,233.47,1,1,42.58,1336483.045
Madoqua_saltiana,Artiodactyla,Bovidae,2,3424.47,NA,NA,595,2,NA,NA,NA,NA,1,NA,168,672.79,NA,253.75,NA,1,41.99,1098768.748
Mandrillus_leucophaeus,Primates,Cercopithecidae,3,14253.3,152.7,13.5,700,3,179.22,1,NA,513.43,1.01,0.5,400.8,718.15,NA,1745.96,1,2,486.66,43184.0137
Mandrillus_sphinx,Primates,Cercopithecidae,3,16685.06,159.4,18.25,758.94,4,173.99,2,26.34,521.64,1.02,0.91,555.96,612.89,21.4,2122.11,2,2,348.01,324897.0441
Martes_americana,Carnivora,Mustelidae,2,873.69,15.8,0.86,381.36,1,27.63,1,3.66,365,2.6,1.1,228,31.3,0.67,456.25,1,3,45.73,7637536.589
Martes_flavigula,Carnivora,Mustelidae,3,2504.64,34.12,2.51,548.36,1,149.65,1,NA,182.5,3.53,1.56,168,57.5,NA,1262.74,1,3,89.49,6584648.509
Martes_foina,Carnivora,Mustelidae,2,1675,20.91,1.8,458.63,1,29.86,1,2.15,365,3.78,1.1,217.2,30,NA,742.46,1,3,74.11,12323364.68
Martes_martes,Carnivora,Mustelidae,1,1299.99,20.09,1.78,457.01,1,30.63,1,2.15,365,3.49,0.75,204,30,0.44,508.47,1,3,54.19,9119130.085
Martes_melampus,Carnivora,Mustelidae,NA,1000,NA,NA,440.51,NA,NA,1,NA,NA,NA,NA,NA,-999,NA,NA,1,NA,NA,279686.4943
Martes_pennanti,Carnivora,Mustelidae,2,3750,31.82,3.46,749.51,1,31.28,1,14.89,365,3.02,1.1,121.76,28.97,0.17,413.84,1,3,76.76,3485318.941
Mazama_gouazoubira,Artiodactyla,Cervidae,2,16633.17,NA,NA,918.25,2,219.86,1,NA,NA,1,NA,144,834.46,9.21,719.06,1,1,NA,7794295.334
Meles_meles,Carnivora,Mustelidae,2,11884.03,50.4,12.94,705.89,1,48.6,1,1.2,365,3.11,1.1,194.4,90.24,2.52,420.91,1,3,91.3,9763858.967
Mellivora_capensis,Carnivora,Mustelidae,2,8999.99,72.97,8.08,682.96,6,181.46,1,NA,182.5,2.35,2,318,210,NA,NA,1,2,23.86,28885833.72
Melogale_moschata,Carnivora,Mustelidae,2,938.5,NA,NA,383.82,6,NA,1,NA,NA,2,NA,126,-999,NA,NA,1,2,NA,2929076.017
Mephitis_macroura,Carnivora,Mephitidae,2,1097.76,NA,NA,307.05,1,58.2,1,NA,NA,4.68,NA,NA,-999,NA,NA,1,3,NA,1783424.307
Mephitis_mephitis,Carnivora,Mephitidae,1,2399.99,10.28,2.36,399.55,6,63.29,1,2.32,365,5.7,2,155,33.19,8.15,355.18,1,2,55.15,12271140.38
Microcebus_murinus,Primates,Cheirogaleidae,1,69,1.8,0.085,143.61,5,60.34,1,0.01,365,2,1.1,186,4.78,461,355.53,2,2,40.45,90231.5671
Microcebus_rufus,Primates,Cheirogaleidae,1,48.39,0.4839,0.168868,143.61,5,59.99,1,0.01,NA,2.52,NA,144,6.5,167.8,NA,2,2,40,102777.0593
Miopithecus_talapoin,Primates,Cercopithecidae,3,1248.86,12.4886,4.282824,354.99,3,164.38,1,0.8,365,1.01,1.1,370.8,179.04,42.07,1733.36,2,2,178.98,389545.4683
Mirounga_angustirostris,Carnivora,Phocidae,2,1112390.81,NA,NA,3713.91,6,290.63,2,NA,365,1,1.1,243.5,34381.77,NA,1522.5,1,2,27.37,5837845.744
Mirounga_leonina,Carnivora,Phocidae,2,1600000,NA,NA,3674.03,2,243.33,2,NA,365,1,1.1,276,39392.97,NA,1607.08,1,3,22.93,60530280.94
Monachus_monachus,Carnivora,Phocidae,2,294881.33,NA,NA,2589.02,6,334.58,2,NA,730,1,0.77,284.4,20000,NA,1567.84,1,2,42.75,485378.3235
Monachus_schauinslandi,Carnivora,Phocidae,1,222999.99,NA,NA,2232.83,6,344.15,2,NA,467.39,1,0.97,360,16250,NA,1687.65,1,2,37.13,283844.7732
Mungos_mungo,Carnivora,Herpestidae,3,1260,10.49,1.26,362.42,1,60.91,1,1.66,365,2.68,2.5,144,24.2,16.98,349.33,1,3,20.88,10553877.98
Muntiacus_muntjak,Artiodactyla,Cervidae,2,17611.59,124,16,994.99,3,210,NA,NA,241,1,1.35,211.2,1371.39,3.12,338.33,NA,1,NA,7462188.667
Muntiacus_reevesi,Artiodactyla,Cervidae,NA,13499.94,NA,NA,NA,2,214.24,NA,0.12,215.25,1,1.43,204,1050,0.67,295.12,NA,1,NA,2222851.084
Mustela_erminea,Carnivora,Mustelidae,2,284.5,4.01,0.09,215.65,1,66.35,1,0.11,365,6.74,1.1,85.23,2.25,6.25,93.09,1,3,60.93,41519175.92
Mustela_eversmanii,Carnivora,Mustelidae,1,1684.21,NA,NA,432.95,1,40.14,1,NA,365,7.82,1,NA,4.99,NA,326.63,1,3,48.8,13301661.12
Mustela_frenata,Carnivora,Mustelidae,2,190.03,4.01,0.23,229.31,1,24.5,2,0.21,365,6.5,1.1,85.23,3.09,0.76,200.69,2,3,34.23,12272125.94
Mustela_itatsi,Carnivora,Mustelidae,NA,-999,NA,NA,NA,NA,NA,NA,NA,NA,NA,NA,NA,-999,NA,NA,NA,NA,NA,375493.109
Mustela_lutreola,Carnivora,Mustelidae,2,566.44,8.5,0.59,360.77,2,43.74,3,0.17,365,4.5,1.1,120,7.4,0.07,351.71,1,3,58.71,2309860.836
Mustela_nigripes,Carnivora,Mustelidae,1,907.1,8.5,0.58,395.94,1,43,1,0.83,365,3.36,1.1,144,7.39,2,371.23,1,3,59.66,1595.0177
Mustela_nivalis,Carnivora,Mustelidae,2,78.45,1.495,0.075,188.18,1,36.49,1,0.07,273.75,5.07,1,120,2,12.89,169.99,1,3,36.74,43724740.72
Mustela_putorius,Carnivora,Mustelidae,1,975.55,8.25,1.03,358.92,1,41.49,1,0.53,252.5,8.48,1,168,9.5,0.83,308.5,1,3,54.39,6011882.746
Mustela_sibirica,Carnivora,Mustelidae,2,530.85,6.75,0.57,305.96,1,30.12,1,3.41,NA,6.48,NA,106,-999,NA,NA,1,3,58.2,12963816.4
Nandinia_binotata,Carnivora,Nandiniidae,1,2167.2,17.29,3.19,498.51,2,65.35,2,0.55,182.5,1.84,1.56,222,56,4.99,1015,2,1,63.81,6021549.217
Nanger_granti,Artiodactyla,Bovidae,2,55464.46,149,59,1529.99,2,191.21,1,NA,NA,1,NA,152.04,5215.17,3.92,249.81,1,1,NA,785166.4869
Nanger_soemmerringii,Artiodactyla,Bovidae,3,41582.93,NA,NA,1360,1,192.53,1,NA,NA,1,NA,186,-999,5.47,413.84,1,1,NA,291392.3488
Nasua_narica,Carnivora,Procyonidae,2,4578.43,NA,NA,549.58,6,76.82,1,0.78,365,4,1.1,212,140,6.07,1009.04,1,2,132.63,2385092.66
Nasua_nasua,Carnivora,Procyonidae,3,3775.5,29.96,5,527.63,6,75.06,2,0.79,365,3.69,1.1,212.4,144.91,15.42,841.82,2,2,113.15,10629131.13
Neofelis_nebulosa,Carnivora,Felidae,2,14945.05,68.71,19.49,836.74,1,93.44,2,NA,NA,2.25,NA,204,166.49,NA,753.48,2,3,111.67,2344134.734
Neophoca_cinerea,Carnivora,Otariidae,2,189274.99,NA,NA,1798.13,6,265.94,2,NA,539.89,1.35,0.9,192,7147.62,NA,1587.55,1,2,542.19,855306.0437
Neotragus_moschatus,Artiodactyla,Bovidae,2,5639.01,NA,NA,599.99,5,180,1,NA,NA,1,NA,168,-999,17.32,197.64,1,1,NA,1362640.139
Neovison_vison,Carnivora,Mustelidae,NA,-999,8.5,0.91,NA,NA,NA,NA,NA,NA,NA,NA,NA,-999,NA,NA,NA,NA,NA,14573802.1
Nomascus_concolor,Primates,Hylobatidae,3,6410.47,106.6,5.7,545,5,205.81,1,1.05,821.25,1.01,0.73,529.2,-999,6.17,2454.24,2,2,635.13,34636.507
Nyctereutes_procyonoides,Carnivora,Canidae,1,4214.99,28.5,7.46,447.38,6,61.84,1,1.15,365,6.36,1.1,168,87.42,12.02,326.63,1,2,49.69,6617260.399
Nycticebus_coucang,Primates,Lorisidae,1,924.55,10,1.25,300,6,191.09,1,NA,365,1.12,1.1,318,50.47,20,660.82,2,2,181.21,1444761.112
Odobenus_rosmarus,Carnivora,Odobenidae,2,1042996.25,1020,600,2870.18,6,357.39,2,NA,821.25,1.22,0.73,480,59090.9,1.27,2315.02,1,2,591.36,7440987.899
Odocoileus_hemionus,Artiodactyla,Cervidae,NA,84560.57,NA,NA,1516.5,2,203.49,1,2.01,365,1.61,1.1,264,3007.49,16,527.12,1,1,73.49,6307636.164
Odocoileus_virginianus,Artiodactyla,Cervidae,2,75901.25,210,65.09,1513.69,4,201.39,1,1.99,304.16,1.57,1.2,276,2949.99,17.32,365,1,1,79.92,14410477.61
Oreamnos_americanus,Artiodactyla,Bovidae,2,72105.4,NA,NA,1297.33,2,181.24,1,18.17,365,1.4,1.1,230.04,3080.81,NA,964.59,1,1,84.86,838028.6404
Oreotragus_oreotragus,Artiodactyla,Bovidae,2,13486.55,58.5,13.2,824.99,4,214,1,NA,365,1,1.1,213.96,1130,2.62,371.23,1,1,136.87,5220679.291
Oryx_gazella,Artiodactyla,Bovidae,2,188404.45,315.5,162.5,1615,5,273.75,1,NA,NA,1,NA,240,12055.49,9.88,841.82,1,1,NA,1765965.534
Otaria_flavescens,Carnivora,Otariidae,NA,193670.53,550,260,2112.38,6,311.55,2,NA,365,1,1.1,297.6,12819.99,NA,1860.83,1,2,363.96,2400263.538
Otocyon_megalotis,Carnivora,Canidae,2,4098.12,26.84,3.94,537.63,1,67.54,1,1.13,182.5,4,2,165.6,120.7,1.18,420.91,1,3,42.46,5072344.991
Otolemur_crassicaudatus,Primates,Galagidae,1,1206.61,11.8,1.34,307,5,131.04,NA,0.06,365,1.14,1.1,225.6,46.57,87.99,609.86,NA,2,124.62,4895857.931
Ourebia_ourebi,Artiodactyla,Bovidae,3,17186.09,58.3,14.9,1160,3,210.5,1,NA,182.5,1,1.56,189.96,2196.14,2.43,372.09,1,1,136.87,7496702.277
Ovibos_moschatus,Artiodactyla,Bovidae,NA,312500,NA,NA,NA,2,256.26,1,NA,547.5,1.01,0.89,288,10444.11,0.31,1262.74,1,1,254.48,1683103.198
Ovis_ammon,Artiodactyla,Bovidae,NA,113998.72,NA,NA,1585,2,165,1,4.59,365,1.22,1.1,180.96,3232.64,0.02,555.47,1,1,76.61,3583386.124
Ovis_aries,Artiodactyla,Bovidae,NA,39097.89,125,48.8,1297.23,2,152.54,NA,NA,365,1.19,1.1,230.04,2376.24,NA,831.62,NA,1,182.5,3743494.344
Ovis_canadensis,Artiodactyla,Bovidae,2,74644.87,NA,NA,1565.5,2,177.49,1,18.94,365,1.16,1.1,288,4115.85,1.48,761.25,1,1,130.8,538053.3024
Ovis_dalli,Artiodactyla,Bovidae,NA,70194.13,NA,NA,1415.02,2,172.49,1,10.15,365,1.22,1.1,192,3499.99,NA,748.37,1,1,121.66,816139.3341
Ozotoceros_bezoarticus,Artiodactyla,Cervidae,NA,34620.4,NA,NA,1224.74,3,220.38,1,6.16,317.08,1,1.18,NA,2100,NA,350.76,1,1,362.93,569069.2208
Pagophilus_groenlandicus,Carnivora,Phocidae,NA,132250,203.6,108.2,1721.36,6,242.9,2,NA,365,1,1.1,504,10048.2,0.09,1862.3,1,2,11.45,9510949.771
Paguma_larvata,Carnivora,Viverridae,1,4300,30.88,4.31,633.11,6,NA,1,2.88,182.5,2.16,1.56,216,-999,NA,NA,1,2,109.13,6469857.474
Pan_paniscus,Primates,Hominidae,3,35119.95,351.1995,36.8816,753.43,6,235.24,2,27.93,1715.5,1.01,0.5,576,1399.53,2,5465.72,2,2,1081.31,416943.3876
Pan_troglodytes,Primates,Hominidae,3,158623.93,410.3,36.35,796.09,6,231.49,2,10.85,1825,1.05,0.48,720,1291.71,1.63,3897.96,2,2,1260.81,2489781.737
Panthera_leo,Carnivora,Felidae,1,83943.09,223.63,154.47,1835.16,1,108.74,1,55.19,730,2.75,2,360,817.3,0.11,987.77,1,3,197.86,5241618.941
Panthera_onca,Carnivora,Felidae,2,52399.99,151.41,85.63,1331.62,1,102.49,1,52.55,365,1.96,1.1,276,553.39,0.05,1184.16,1,3,156.6,8714215.901
Panthera_pardus,Carnivora,Felidae,2,161914.66,125.21,50.91,1377.71,1,96.74,1,18.78,476.37,2.14,1,276,1313.5,0.07,810.68,1,3,123.54,22128487.66
Panthera_tigris,Carnivora,Felidae,1,45000,278.66,159.17,1824.79,1,105.19,1,64.89,821.25,2.6,1,315.6,1745.02,0.03,1522.5,1,3,118.55,2040664.451
Papio_anubis,Primates,Cercopithecidae,3,17728.56,175.1,16.5,NA,NA,178.96,NA,4.83,752.81,1.01,0.76,302.4,947.31,10.8,NA,NA,NA,596.6,7826350.711
Papio_cynocephalus,Primates,Cercopithecidae,3,15822.15,169.1,17.5,NA,2,172.99,NA,14.95,669.16,1.01,0.81,540,709.88,5.86,2560.56,NA,1,450.42,4289611.805
Papio_hamadryas,Primates,Cercopithecidae,3,14007.08,142.5,15.45,675,2,180,NA,17.37,608.33,1.01,0.85,450,890,2.1,1652.37,NA,1,363.96,610357.6716
Papio_papio,Primates,Cercopithecidae,3,18026.05,165.3,19.5,NA,NA,184.42,NA,NA,423.4,1.01,1.02,480,600.38,11.07,NA,NA,NA,NA,442057.0038
Papio_ursinus,Primates,Cercopithecidae,3,17729.44,214.4,18.6,NA,2,185.92,NA,9.12,882.08,1.01,0.7,540,599.99,2.77,1543.35,NA,1,877.09,3348437.988
Pardofelis_marmorata,Carnivora,Felidae,1,2826.68,NA,NA,516.47,1,NA,1,NA,NA,2,NA,NA,84.99,NA,NA,1,3,NA,1388948.118
Pecari_tajacu,Artiodactyla,Tayassuidae,2,21133.69,NA,NA,889.34,5,144.88,1,1.37,155,1.56,2,296.4,618.53,7.92,315.68,1,1,47.25,15938365.46
Pelea_capreolus,Artiodactyla,Bovidae,3,22731.33,NA,NA,NA,2,260.99,1,NA,NA,1,NA,147.96,-999,18.71,NA,1,1,NA,557110.4041
Perodicticus_potto,Primates,Lorisidae,1,1081.81,14.3,1.05,320,4,193,1,0.11,354.05,1.09,1.11,312,37.16,8.47,561.58,2,2,149.15,3915554.843
Phacochoerus_aethiopicus,Artiodactyla,Suidae,3,75607.52,125,65.35,NA,4,165.4,1,1.35,365,3.2,1.5,225.6,691.95,7.61,631.12,1,1,106.45,776098.1421
Phacochoerus_africanus,Artiodactyla,Suidae,3,82499.99,NA,NA,1355.54,1,172.49,NA,1.55,NA,NA,NA,180,-999,NA,NA,NA,1,NA,10946206.95
Philantomba_monticola,Artiodactyla,Bovidae,3,4896.05,NA,NA,692.3,3,205,1,NA,265,1,1.29,144,709.41,35.98,351.59,1,2,27.28,6372957.442
Phoca_largha,Carnivora,Phocidae,2,98879.18,NA,NA,1634.87,6,287.4,2,NA,365,1,1.1,426.13,7100,NA,1497.64,1,2,27.84,7133869.938
Phoca_vitulina,Carnivora,Phocidae,2,273499.99,442,107.3,1611.75,1,288.95,2,NA,365,1,1.1,480,-999,5.68,1526.85,1,3,30.74,7753506.863
Phocarctos_hookeri,Carnivora,Otariidae,NA,87316.66,NA,NA,2018.97,7,365,2,NA,365,1,1.1,NA,10213.75,NA,2030,1,2,252.01,501426.0693
Piliocolobus_badius,Primates,Cercopithecidae,2,8430.4,73.8,8.15,574.45,3,151.41,1,0.42,660.65,1,0.5,NA,-999,130.65,1473.2,2,2,783.93,437233.8489
Pithecia_irrorata,Primates,Pitheciidae,3,2308.17,NA,NA,399.39,NA,NA,NA,NA,NA,NA,NA,NA,-999,11.3,NA,NA,NA,NA,1293873.631
Pithecia_monachus,Primates,Pitheciidae,3,2109.55,21.0955,3.5,411.8,4,NA,1,NA,NA,1.02,NA,295.2,119.85,8,NA,2,2,NA,805857.156
Pithecia_pithecia,Primates,Pitheciidae,3,1667.19,31.7,1.5,346.44,2,161.13,1,0.04,448.03,1.01,0.99,248.4,-999,4.19,1089.37,2,1,113.15,1105060.788
Pongo_pygmaeus,Primates,Hominidae,3,53408.29,413.3,53,890,5,259.42,2,3.88,2007.5,1.07,0.46,720,1644.2,2,3318.62,2,2,1088.8,127623.0593
Potamochoerus_porcus,Artiodactyla,Suidae,2,70000.31,NA,NA,1369.3,5,120,1,NA,365,3,1.1,240,750,0.23,1113.7,1,2,NA,4997476.081
Potos_flavus,Carnivora,Procyonidae,1,2441.81,25.53,2.05,509.54,4,116.8,2,0.22,365,1.11,1,348,171.84,34.21,858.41,2,2,109.13,12690788.16
Presbytis_melalophos,Primates,Cercopithecidae,3,6439.12,80,6.65,504.99,1,NA,NA,0.12,NA,1.01,NA,192,-999,59.34,NA,NA,1,NA,289754.2859
Prionailurus_bengalensis,Carnivora,Felidae,1,2780.97,29.37,5.47,683.23,1,70.18,1,1.87,165.56,2.5,1.64,180,83,NA,855.31,1,3,24.85,10286584.3
Prionailurus_iriomotensis,Carnivora,Felidae,NA,-999,NA,NA,NA,NA,NA,NA,NA,NA,NA,NA,NA,-999,NA,NA,NA,NA,NA,280.7
Procapra_gutturosa,Artiodactyla,Bovidae,2,28274.27,NA,NA,1243.28,1,189.94,1,NA,365,1.41,1.1,84,2900,NA,893.06,1,1,38.97,715728.4104
Procyon_cancrivorus,Carnivora,Procyonidae,1,6931.72,NA,NA,602.86,6,69.35,2,NA,NA,2.62,NA,168,70,5.74,631.37,2,2,111.36,12753843.47
Procyon_lotor,Carnivora,Procyonidae,2,6373.72,40.04,6.17,484.68,6,65,2,4.62,365,3.06,1,252,82.46,3.29,561.28,2,2,104.16,11684182.92
Procyon_pygmaeus,Carnivora,Procyonidae,1,2958.03,NA,NA,427.1,3,NA,1,NA,NA,NA,NA,NA,-999,NA,NA,1,2,NA,488.3543
Profelis_aurata,Carnivora,Felidae,2,11277.17,57.97,11.94,797.61,1,81.34,1,NA,NA,2.25,NA,NA,211.24,NA,650.61,1,3,119.32,4090713.699
Prolemur_simus,Primates,Lemuridae,2,2030.41,20.3041,3.090388,370,4,140,2,0.62,NA,1,1,144,-999,NA,NA,2,2,NA,920.9758
Propithecus_diadema,Primates,Indriidae,3,6568.99,37,7.5,501.74,3,152.08,2,0.21,745.2,1.01,0.76,NA,134.99,5.65,1683.65,2,1,256.27,33689.1417
Propithecus_tattersalli,Primates,Indriidae,3,3531.39,NA,NA,475,4,NA,2,0.06,NA,NA,NA,NA,97.47,65,NA,2,1,152.13,1707.8459
Propithecus_verreauxi,Primates,Indriidae,3,3588.26,27.5,3.6,472.49,3,149.77,1,0.03,365,1.02,1,247.2,102.65,150,943.94,2,1,177.83,64784.4213
Proteles_cristata,Carnivora,Hyaenidae,1,8139.39,35.16,8.33,697.91,1,90.62,1,1.51,NA,2.64,NA,300,275,0.81,631.37,1,3,125.73,5997412.419
Pseudois_nayaur,Artiodactyla,Bovidae,3,52334.57,NA,NA,1299.99,2,159.74,1,NA,NA,1.22,NA,288,-999,2.49,420.91,1,1,NA,2874661.036
Pudu_puda,Artiodactyla,Cervidae,2,9642.62,NA,NA,NA,4,210,1,0.17,NA,1.22,NA,150,780,NA,229.14,1,1,54.75,166430.1211
Puma_concolor,Carnivora,Felidae,2,53954.05,125.21,50.4,1396.33,1,92.3,1,129.89,577.91,2.76,0.75,240,409.87,0.02,1034.61,1,3,48.46,22246146.53
Puma_yagouaroundi,Carnivora,Felidae,2,6875,40.04,7.46,701.35,3,75.01,1,52.35,182.5,2.5,2,127.83,-999,0.58,1052.28,1,2,NA,14836190.89
Pusa_caspica,Carnivora,Phocidae,NA,62326.2,NA,NA,1405.5,2,334.58,2,NA,365,1,1.1,600,4182.6,1.47,2199.16,1,3,31.32,372389.2337
Pusa_hispida,Carnivora,Phocidae,2,70963.6,246,39,1287.15,6,270,2,NA,365,1,1.1,552,4500,0.95,2251.64,1,2,45.23,18456213.09
Pusa_sibirica,Carnivora,Phocidae,2,89499.99,NA,NA,1272.95,1,277.63,2,NA,365,1,1.1,672,3050,1.58,2276.14,1,3,66.11,31065.2581
Rangifer_tarandus,Artiodactyla,Cervidae,NA,109088.5,291,101.5,2224.35,3,222.5,NA,2771.22,365,2,1.1,242.4,5490.62,2.55,758.71,NA,1,136.87,18168072.93
Raphicerus_campestris,Artiodactyla,Bovidae,3,11661.53,50.9,11,824.99,5,210,1,0.43,219,1,1.42,168,916.51,1.27,233.81,1,1,49.89,4047879.178
Raphicerus_melanotis,Artiodactyla,Bovidae,1,10503.14,57,10.6,NA,2,NA,1,NA,NA,NA,NA,168,-999,10.5,NA,1,1,NA,190176.2545
Redunca_arundinum,Artiodactyla,Bovidae,2,58059.24,138.6,58.9,1505,2,220.52,1,NA,273.75,1,1.27,201,4500,0.65,NA,1,1,NA,4764110.101
Redunca_fulvorufula,Artiodactyla,Bovidae,2,29352.66,120.5,28.2,1230,1,222.99,1,0.07,352.83,1,1.12,147.96,2719.09,7.77,821,1,1,82.12,1044828.577
Redunca_redunca,Artiodactyla,Bovidae,2,43288.95,130,45.6,1150,1,228.12,1,NA,NA,1,NA,216,-999,1.03,821,1,1,NA,5901364.296
Rhinoceros_unicornis,Perissodactyla,Rhinocerotidae,2,1843655.8,NA,NA,3743.39,3,478.99,2,4.23,909.45,1.41,0.69,588,61326.59,3.33,2069.22,1,1,339.47,3285.9172
Rucervus_duvaucelii,Artiodactyla,Cervidae,2,171223.86,NA,NA,1500,2,245,2,14.11,NA,1,NA,240,-999,11.24,827.69,1,1,NA,34624.9566
Rupicapra_pyrenaica,Artiodactyla,Bovidae,NA,29999.99,NA,NA,NA,NA,NA,NA,NA,NA,NA,NA,NA,-999,NA,NA,NA,NA,NA,15121.6817
Rupicapra_rupicapra,Artiodactyla,Bovidae,NA,33266.35,NA,NA,NA,2,178.32,1,2.65,365,1,1.1,264,2250,NA,642.64,1,1,76.04,280363.9032
Rusa_timorensis,Artiodactyla,Cervidae,1,66375.5,NA,NA,1634.99,2,250.29,NA,NA,366,1,1.09,180,-999,NA,666.44,NA,1,227.47,11302.0543
Rusa_unicolor,Artiodactyla,Cervidae,2,177522.9,383,116,2040,3,246,NA,NA,NA,1,NA,317.04,10270,4.89,620.76,NA,1,NA,7566545.982
Saguinus_bicolor,Primates,Cebidae,3,465,NA,NA,239.99,4,158.16,1,NA,NA,2,NA,NA,-999,NA,NA,2,2,NA,10128.8544
Saguinus_fuscicollis,Primates,Cebidae,3,393.99,9.3,0.395,NA,5,148,1,0.2,293.5,1.83,1.22,294,39.18,19.49,406.61,2,2,90.1,1724684.288
Saguinus_geoffroyi,Primates,Cebidae,3,492.5,10.5,0.505,NA,4,NA,1,0.16,240.9,1.97,1.35,NA,47.84,5.13,NA,2,2,NA,75237.6833
Saguinus_labiatus,Primates,Cebidae,3,508.46,NA,NA,NA,NA,144.16,1,0.19,299.3,1.84,1.21,NA,40.67,14.08,NA,2,NA,NA,286447.8053
Saguinus_leucopus,Primates,Cebidae,3,456.68,4.5668,0.966588,239.99,5,142.5,1,NA,NA,2,NA,NA,43.76,10.57,NA,2,2,NA,56861.6999
Saguinus_midas,Primates,Cebidae,3,540.56,10.5,0.4225,264.21,4,138.24,1,0.05,206.83,2.02,1.46,184.8,39.78,10.98,841.82,2,2,69.6,863248.671
Saguinus_mystax,Primates,Cebidae,3,555.87,NA,NA,NA,5,148.28,1,0.21,168.5,1.93,1.62,NA,46.65,30.98,556.85,2,2,NA,589292.5074
Saguinus_nigricollis,Primates,Cebidae,3,450,8.9,0.465,NA,NA,NA,1,0.25,NA,1.82,NA,182.4,43.58,13.33,NA,2,NA,82.53,213423.3947
Saguinus_oedipus,Primates,Cebidae,3,462.04,9,0.48,239.99,4,166.49,1,0.06,233.06,1.9,1.38,277.2,41,45.52,680.38,2,2,49.85,39259.9009
Saiga_tatarica,Artiodactyla,Bovidae,3,37734.01,NA,NA,1160,2,148.49,2,NA,365,1.5,1.1,144,3326.46,0.75,332.65,2,1,83.64,765826.3669
Saimiri_boliviensis,Primates,Cebidae,3,799.45,NA,NA,309.99,NA,157.79,NA,NA,NA,1.02,NA,NA,-999,28.7,NA,NA,NA,NA,1373861.071
Saimiri_oerstedii,Primates,Cebidae,3,714.18,25.7,0.665,282.22,2,161,1,0.1,NA,1.01,NA,NA,-999,128.8,NA,2,2,362.93,7301.8295
Saimiri_sciureus,Primates,Cebidae,3,749.47,24.4,0.665,322,3,164.09,1,0.68,383.25,1,1.07,324,107.5,36.09,1399.88,2,2,177.41,4419721.477
Semnopithecus_entellus,Primates,Cercopithecidae,3,12679.29,135.2,14.9,595,2,197.7,NA,1.3,507.95,1.02,0.93,300,499.83,17.28,1497.64,NA,1,402.1,566285.5895
Speothos_venaticus,Carnivora,Canidae,3,6324.54,40.45,5.99,624.73,1,67.78,1,NA,247.94,3.8,1.33,124,157.5,NA,344.87,1,3,127.3,10414614.33
Spilogale_gracilis,Carnivora,Mephitidae,NA,-999,NA,NA,NA,NA,NA,NA,NA,NA,NA,NA,NA,-999,NA,NA,NA,NA,NA,3825098.698
Spilogale_putorius,Carnivora,Mephitidae,1,566.49,5,0.54,299.49,6,32.99,1,0.29,243.33,5.07,1.35,120,12.29,4.7,196.96,1,2,55.68,2979663.406
Suricata_suricatta,Carnivora,Herpestidae,3,729.99,10.28,0.73,285.71,1,77,1,11.76,365,3.86,1,150,30.5,NA,377.37,1,3,55.68,1758704.584
Sus_barbatus,Artiodactyla,Suidae,2,135805.95,NA,NA,1349.99,6,114.63,1,NA,NA,6.59,1,156,-999,NA,362.5,1,2,105.85,590189.2451
Sus_celebensis,Artiodactyla,Suidae,2,53813.21,NA,NA,NA,5,126,NA,NA,NA,3.24,NA,108,-999,NA,547,NA,2,NA,257133.7727
Sus_philippensis,Artiodactyla,Suidae,2,190792.3,NA,NA,1349.99,6,125.14,NA,NA,NA,6.24,1,NA,-999,NA,283.18,NA,2,105.85,64055.2213
Sus_scrofa,Artiodactyla,Suidae,2,84471.54,185,147,1349.99,5,115.2,NA,1.18,230,4.52,1.5,252,807.77,3.54,350.76,NA,2,97.88,28012634.55
Sylvicapra_grimmia,Artiodactyla,Bovidae,2,15639.15,79,13.2,960.71,4,174.89,1,NA,234,1,2,171.96,1581.45,2.42,293.14,1,1,60.83,13575937.13
Symphalangus_syndactylus,Primates,Hylobatidae,3,10839,121.7,10.75,824.99,4,230.66,NA,0.22,1003.75,1.02,0.66,456,517,4.99,3788.23,NA,2,635.38,340354.2835
Syncerus_caffer,Artiodactyla,Bovidae,2,592665.98,491.5,522.3,2525.86,1,337.49,1,63.73,638.75,1.08,1,354,39843.11,5.84,1683.65,1,1,319.37,8442938.751
Tapirus_indicus,Perissodactyla,Tapiridae,1,311209.19,250,225,2224.85,3,396.5,1,9.4,657,1,0.5,360,6848.35,0.11,1132.72,1,1,211.71,89491.8254
Tapirus_terrestris,Perissodactyla,Tapiridae,2,169496.64,250,250,2004.97,5,395.41,1,NA,NA,1,NA,420,4507.91,0.85,862.17,1,2,277.49,11289574.9
Tarsius_bancanus,Primates,Tarsiidae,1,114.39,1.1439,0.335664,106.59,3,125.84,1,0.01,240.29,1,1.36,144,23.93,62.24,658.68,2,2,78.55,847617.307
Taurotragus_oryx,Artiodactyla,Bovidae,2,562592.69,485,635,2656.78,3,271,1,195.15,337,1,1.14,300,30889.05,1.64,672.49,1,1,128.68,6776775.184
Taxidea_taxus,Carnivora,Mustelidae,1,7842.15,48.91,4.06,558.35,1,43.8,1,3.44,365,2.76,1.1,312,93.49,1.94,365,1,3,41.99,8851941.252
Tayassu_pecari,Artiodactyla,Tayassuidae,2,31798.71,NA,NA,1110,6,158,1,40.97,NA,2,NA,252,1000,1.59,684.67,1,2,13.64,13755479.71
Theropithecus_gelada,Primates,Cercopithecidae,3,15964.11,159.6411,13.65448,620,2,178.64,NA,1.16,766.5,1.01,0.75,336,464.92,51.42,1894.11,NA,1,494.95,103850.5964
Trachypithecus_cristatus,Primates,Cercopithecidae,3,7176.81,64,8.35,NA,NA,NA,NA,0.12,NA,1.01,NA,373.2,-999,36.63,NA,NA,NA,362.93,1213226.935
Trachypithecus_francoisi,Primates,Cercopithecidae,3,8139.93,NA,NA,599.99,1,NA,NA,NA,NA,NA,NA,NA,454.56,NA,NA,NA,1,391.76,248813.9998
Trachypithecus_obscurus,Primates,Cercopithecidae,3,7247.88,67.6,7.4,549.99,1,146.63,NA,0.18,NA,1.01,NA,300,339.18,57,NA,NA,1,362.93,259473.1277
Trachypithecus_phayrei,Primates,Cercopithecidae,3,7681.72,NA,NA,NA,NA,180.61,NA,0.17,456.25,1,0.98,NA,-999,0.6,NA,NA,NA,305.87,1148041.64
Trachypithecus_vetulus,Primates,Cercopithecidae,3,7205.08,64.9,8.15,584.99,2,204.72,NA,0.02,783.83,1.01,0.74,276,359.99,144.65,1113.7,NA,1,245.78,36940.83
Tragelaphus_angasii,Artiodactyla,Bovidae,2,87616.76,230,123.8,1935.86,4,219.99,1,1.63,297,1,1.22,192,5541.58,126.94,645.51,1,1,212.91,197904.4524
Tragelaphus_eurycerus,Artiodactyla,Bovidae,2,270998.37,NA,NA,2274.99,4,284.99,1,NA,NA,1,NA,233,19944.92,0.4,887.46,1,1,NA,2217256.782
Tragelaphus_imberbis,Artiodactyla,Bovidae,NA,94320.39,219,100.5,1675,3,222,1,NA,258.54,1,1.31,227,5891.21,0.35,666.44,1,1,NA,1488947.762
Tragelaphus_scriptus,Artiodactyla,Bovidae,2,43250.39,136,50,1247.1,4,182.5,2,0.02,235.72,1,1.37,156,3027.79,1.52,431.61,1,1,NA,12063886.71
Tragelaphus_spekii,Artiodactyla,Bovidae,2,75554.25,163,97.3,1520.84,2,241.15,2,NA,352.83,1,1.12,258,4000,1.66,619.06,1,1,NA,4392169.21
Tragelaphus_strepsiceros,Artiodactyla,Bovidae,3,206056.41,361,256.9,2199.99,2,220.94,1,835.1,365,1,1.1,276,15366.57,1.06,665.38,1,1,182.5,6085429.445
Urocyon_cinereoargenteus,Carnivora,Canidae,2,3833.71,40.85,3.63,601.7,6,61.48,1,1.83,365,3.71,1.1,180,103.68,2.41,350.76,1,2,63.79,8985890.661
Urocyon_littoralis,Carnivora,Canidae,2,1923,27.66,2.05,471.23,6,53.7,1,0.42,365,2.17,1.1,96,100,7,361.52,1,2,NA,911.1622
Ursus_americanus,Carnivora,Ursidae,3,110500,259.82,109.95,1380.87,1,213.95,1,31.25,821.25,2.39,0.73,384,293.99,0.72,1448.45,1,1,167.99,9704197.651
Ursus_arctos,Carnivora,Ursidae,2,196287.5,336.97,298.87,1484.07,6,227.56,1,310.81,912.5,2.24,0.69,600,499.99,0.02,1327.95,1,2,182.5,27908100.28
Ursus_maritimus,Carnivora,Ursidae,3,371703.81,459.44,365.04,1992.55,3,64.66,1,77270.47,831.67,1.66,0.72,458.4,670.48,0.00705,1850.26,1,2,205.17,14570664.35
Ursus_thibetanus,Carnivora,Ursidae,2,99714.19,314.19,100.48,1505.7,3,199.92,1,0.7,365,1.5,1.1,422,357.5,NA,1015,1,1,82.01,4536568.737
Varecia_variegata,Primates,Lemuridae,2,3849.99,38.4999,3.3411,547.35,4,102.5,2,1.39,365,2.16,1.1,384,93.69,27.83,701.52,2,1,90.73,8124.2122
Viverra_civettina,Carnivora,Viverridae,1,12061.27,NA,NA,843.04,6,NA,1,NA,NA,NA,NA,NA,-999,NA,NA,1,2,NA,31935.5228
Viverra_zibetha,Carnivora,Viverridae,1,9148.77,36.97,9.03,816.76,6,80.3,1,9.36,182.5,2.89,1.56,240,-999,NA,NA,1,2,NA,4854531.056
Vulpes_chama,Carnivora,Canidae,1,2919.8,33.45,3.1,532.2,6,52.59,1,NA,NA,2.5,NA,120,-999,NA,311.36,1,2,NA,2126391.07
Vulpes_corsac,Carnivora,Canidae,1,2615.33,NA,NA,578.27,6,54.99,1,NA,365,5.62,1.1,NA,63.12,NA,1024.89,1,2,54.56,8975689.932
Vulpes_ferrilata,Carnivora,Canidae,NA,5543.74,NA,NA,600.05,1,54.23,1,NA,NA,3.49,NA,NA,89.99,NA,420.91,1,3,55.68,2306846.54
Vulpes_lagopus,Carnivora,Canidae,2,3584.37,35.52,3.19,564.81,1,52.99,1,14.1,365,7.65,1.1,180,69.17,0.1,293.89,1,3,49.5,10811829.72
Vulpes_macrotis,Carnivora,Canidae,NA,4499.97,NA,NA,NA,NA,NA,NA,8.1,NA,4.5,NA,240,-999,0.19,NA,NA,NA,NA,1762584.256
Vulpes_pallida,Carnivora,Canidae,1,2800.01,25.03,3.6,429.21,6,NA,1,NA,NA,4,NA,120,-999,6.11,NA,1,2,NA,4141962.43
Vulpes_velox,Carnivora,Canidae,1,2088,32.14,2.2,503.79,1,53.7,1,4.59,365,4.25,1.1,240,39.94,0.41,470.29,1,3,47.08,670644.2017
Vulpes_vulpes,Carnivora,Canidae,1,4820.36,43.38,4.14,627.12,1,52.5,1,3.5,365,4.59,1.1,180,100.49,1.1,321.07,1,3,50.71,64742299.85
Zalophus_californianus,Carnivora,Otariidae,2,137194.86,363,100,2018.97,6,349.99,2,NA,547.5,1.41,0.89,360,6347.89,0.5,2023.55,1,2,319.01,1281783.152
Zalophus_wollebaeki,Carnivora,Otariidae,NA,-999,NA,NA,NA,NA,NA,NA,NA,NA,NA,NA,NA,-999,NA,NA,NA,NA,NA,217796.5796
